file,class,dx,dy,mode,dice,hd
22_Heart_2_10.npz,0,0,0,point,0.007006542874595614,342.0526275297414
22_Heart_2_10.npz,0,0,0,box,0.006879674156725918,342.0526275297414
22_Heart_2_10.npz,0,0,0,both,0.006892647842300971,342.0526275297414
22_Heart_2_10.npz,0,5,0,point,0.007397224404293914,342.0526275297414
22_Heart_2_10.npz,0,5,0,box,0.007479798219396281,342.0526275297414
22_Heart_2_10.npz,0,5,0,both,0.0074317823728713844,342.0526275297414
22_Heart_2_10.npz,0,-5,0,point,0.007712567062265796,342.0526275297414
22_Heart_2_10.npz,0,-5,0,box,0.007230546157563574,342.0526275297414
22_Heart_2_10.npz,0,-5,0,both,0.007862977941768214,342.0526275297414
22_Heart_2_10.npz,0,0,5,point,0.0059803921568598135,339.6115427955887
22_Heart_2_10.npz,0,0,5,box,0.0057186803652056325,342.0526275297414
22_Heart_2_10.npz,0,0,5,both,0.0058964839484587535,342.0526275297414
22_Heart_2_10.npz,0,0,-5,point,0.004724858457902031,340.2190470858444
22_Heart_2_10.npz,0,0,-5,box,0.0061835386705362885,339.6115427955887
22_Heart_2_10.npz,0,0,-5,both,0.005422993492405135,339.6115427955887
22_Heart_2_10.npz,0,10,10,point,0.007397187406495612,341.4395993437199
22_Heart_2_10.npz,0,10,10,box,0.007216726989130575,341.4395993437199
22_Heart_2_10.npz,0,10,10,both,0.007106029130089687,342.0526275297414
22_Heart_2_10.npz,0,-10,-10,point,0.007210310452030475,341.4395993437199
22_Heart_2_10.npz,0,-10,-10,box,0.007253076722829485,341.2638275586793
22_Heart_2_10.npz,0,-10,-10,both,0.00716002659438397,342.0526275297414
22_Heart_2_10.npz,1,0,0,point,0.004847282527323997,335.62181097181394
22_Heart_2_10.npz,1,0,0,box,0.004993166287015035,335.62181097181394
22_Heart_2_10.npz,1,0,0,both,0.00513383373459759,334.8447401408599
22_Heart_2_10.npz,1,5,0,point,0.005965816051054375,337.17947743004765
22_Heart_2_10.npz,1,5,0,box,0.00596642337704848,337.17947743004765
22_Heart_2_10.npz,1,5,0,both,0.005966713881019566,337.17947743004765
22_Heart_2_10.npz,1,-5,0,point,0.0067472642997078655,337.17947743004765
22_Heart_2_10.npz,1,-5,0,box,0.006354723472978702,337.17947743004765
22_Heart_2_10.npz,1,-5,0,both,0.006292072850136074,337.17947743004765
22_Heart_2_10.npz,1,0,5,point,0.0063166739185879514,335.31030404686345
22_Heart_2_10.npz,1,0,5,box,0.0063245477408953935,337.17947743004765
22_Heart_2_10.npz,1,0,5,both,0.006127015327993337,335.31030404686345
22_Heart_2_10.npz,1,0,-5,point,0.005607163779395429,337.17947743004765
22_Heart_2_10.npz,1,0,-5,box,0.005833542871510863,337.17947743004765
22_Heart_2_10.npz,1,0,-5,both,0.0056641942009437,337.17947743004765
22_Heart_2_10.npz,1,10,10,point,0.006324608796106845,337.17947743004765
22_Heart_2_10.npz,1,10,10,box,0.006250776907640849,337.17947743004765
22_Heart_2_10.npz,1,10,10,both,0.006423677469778113,337.17947743004765
22_Heart_2_10.npz,1,-10,-10,point,0.006214048788679981,337.17947743004765
22_Heart_2_10.npz,1,-10,-10,box,0.006123698714022858,335.62181097181394
22_Heart_2_10.npz,1,-10,-10,both,0.00614625637111899,337.17947743004765
22_Heart_2_10.npz,2,0,0,point,0.002823263692827316,376.3787985527346
22_Heart_2_10.npz,2,0,0,box,0.002876438219108955,377.63077205121937
22_Heart_2_10.npz,2,0,0,both,0.0030534351145031784,377.63077205121937
22_Heart_2_10.npz,2,5,0,point,0.0030882799774852887,378.88916585196785
22_Heart_2_10.npz,2,5,0,box,0.0030592202464756356,378.88916585196785
22_Heart_2_10.npz,2,5,0,both,0.0030842008791617183,378.88916585196785
22_Heart_2_10.npz,2,-5,0,point,0.0026467874314017475,377.63077205121937
22_Heart_2_10.npz,2,-5,0,box,0.003220013623134061,377.63077205121937
22_Heart_2_10.npz,2,-5,0,both,0.002945481809418138,377.63077205121937
22_Heart_2_10.npz,2,0,5,point,0.0029159769809344064,377.63077205121937
22_Heart_2_10.npz,2,0,5,box,0.003120467286055657,377.63077205121937
22_Heart_2_10.npz,2,0,5,both,0.0030762620837806163,377.63077205121937
22_Heart_2_10.npz,2,0,-5,point,0.0031106911839518703,377.00397875884545
22_Heart_2_10.npz,2,0,-5,box,0.0027486721640107106,376.3787985527346
22_Heart_2_10.npz,2,0,-5,both,0.002718307700168339,376.3787985527346
22_Heart_2_10.npz,2,10,10,point,0.0029206071684016667,378.88916585196785
22_Heart_2_10.npz,2,10,10,box,0.002797439122842987,378.88916585196785
22_Heart_2_10.npz,2,10,10,both,0.002833337335221998,378.2591704109763
22_Heart_2_10.npz,2,-10,-10,point,0.003056434887020871,378.88916585196785
22_Heart_2_10.npz,2,-10,-10,box,0.0030384851770260796,377.3393697985939
22_Heart_2_10.npz,2,-10,-10,both,0.003027902698282717,377.3393697985939
22_Heart_2_4.npz,0,0,0,point,0.0307091358640257,322.2002482928901
22_Heart_2_4.npz,0,0,0,box,0.03284447758720417,324.4009864349984
22_Heart_2_4.npz,0,0,0,both,0.030760437504867275,323.00154798390673
22_Heart_2_4.npz,0,5,0,point,0.03167933388197399,325.0
22_Heart_2_4.npz,0,5,0,box,0.03245444832457084,322.60502165961395
22_Heart_2_4.npz,0,5,0,both,0.03233851462842863,323.20891076825217
22_Heart_2_4.npz,0,-5,0,point,0.03414536093837922,325.0
22_Heart_2_4.npz,0,-5,0,box,0.03353183984190133,325.0
22_Heart_2_4.npz,0,-5,0,both,0.03382740942533978,325.0
22_Heart_2_4.npz,0,0,5,point,0.03313790789256878,325.0
22_Heart_2_4.npz,0,0,5,box,0.033778387903665344,325.0
22_Heart_2_4.npz,0,0,5,both,0.03440874161019199,325.0
22_Heart_2_4.npz,0,0,-5,point,0.03457857363383555,325.0
22_Heart_2_4.npz,0,0,-5,box,0.03376820893039413,323.80395303331306
22_Heart_2_4.npz,0,0,-5,both,0.03335139806365376,323.80395303331306
22_Heart_2_4.npz,0,10,10,point,0.033531382339925295,325.0
22_Heart_2_4.npz,0,10,10,box,0.03357098053766279,325.0
22_Heart_2_4.npz,0,10,10,both,0.0336301174940006,325.0
22_Heart_2_4.npz,0,-10,-10,point,0.03425295216053261,324.4009864349984
22_Heart_2_4.npz,0,-10,-10,box,0.03461982632663387,323.40222633742025
22_Heart_2_4.npz,0,-10,-10,both,0.03478014074604209,323.20891076825217
22_Heart_2_4.npz,1,0,0,point,0.02955532957381762,313.2091952673165
22_Heart_2_4.npz,1,0,0,box,0.029505890819479255,312.60518229869444
22_Heart_2_4.npz,1,0,0,both,0.02979748744642707,312.60518229869444
22_Heart_2_4.npz,1,5,0,point,0.029037070397161083,311.60231064611827
22_Heart_2_4.npz,1,5,0,box,0.028559245126229864,313.2091952673165
22_Heart_2_4.npz,1,5,0,both,0.028434345217973347,313.2091952673165
22_Heart_2_4.npz,1,-5,0,point,0.02680580627611296,312.00160255998685
22_Heart_2_4.npz,1,-5,0,box,0.028091937249174862,311.60231064611827
22_Heart_2_4.npz,1,-5,0,both,0.02835528890047889,311.0064308016797
22_Heart_2_4.npz,1,0,5,point,0.027957736688445155,312.00160255998685
22_Heart_2_4.npz,1,0,5,box,0.02850179908324196,312.60518229869444
22_Heart_2_4.npz,1,0,5,both,0.02841285908757524,312.00160255998685
22_Heart_2_4.npz,1,0,-5,point,0.0274698146236325,313.2091952673165
22_Heart_2_4.npz,1,0,-5,box,0.02897823118322466,313.2091952673165
22_Heart_2_4.npz,1,0,-5,both,0.02908465186552765,313.2091952673165
22_Heart_2_4.npz,1,10,10,point,0.026102044408674002,312.60518229869444
22_Heart_2_4.npz,1,10,10,box,0.028588624736681188,313.2091952673165
22_Heart_2_4.npz,1,10,10,both,0.028866522516981984,312.60518229869444
22_Heart_2_4.npz,1,-10,-10,point,0.02910637292539967,312.00160255998685
22_Heart_2_4.npz,1,-10,-10,box,0.028857793056695294,312.00160255998685
22_Heart_2_4.npz,1,-10,-10,both,0.028642297916642478,312.00160255998685
22_Heart_2_4.npz,2,0,0,point,0.054349472561692744,367.0490430446591
22_Heart_2_4.npz,2,0,0,box,0.05450077935572964,367.0490430446591
22_Heart_2_4.npz,2,0,0,both,0.05447186598172369,367.0490430446591
22_Heart_2_4.npz,2,5,0,point,0.05634687119131982,367.0490430446591
22_Heart_2_4.npz,2,5,0,box,0.05483633588618163,366.17482163578643
22_Heart_2_4.npz,2,5,0,both,0.05535874256861026,367.0490430446591
22_Heart_2_4.npz,2,-5,0,point,0.04758250191863884,362.49137920783716
22_Heart_2_4.npz,2,-5,0,box,0.04626129531626053,362.58102542742085
22_Heart_2_4.npz,2,-5,0,both,0.04689916134547711,362.58102542742085
22_Heart_2_4.npz,2,0,5,point,0.051716728657580174,367.0490430446591
22_Heart_2_4.npz,2,0,5,box,0.052092552787953675,367.0490430446591
22_Heart_2_4.npz,2,0,5,both,0.052183442926982765,367.0490430446591
22_Heart_2_4.npz,2,0,-5,point,0.050067882202168415,364.6505176192679
22_Heart_2_4.npz,2,0,-5,box,0.029637661516206,364.33089355694227
22_Heart_2_4.npz,2,0,-5,both,0.04451230254271253,366.0833238485468
22_Heart_2_4.npz,2,10,10,point,0.056031406138466966,367.0490430446591
22_Heart_2_4.npz,2,10,10,box,0.054681925338482866,367.0490430446591
22_Heart_2_4.npz,2,10,10,both,0.05411984830346809,367.0490430446591
22_Heart_2_4.npz,2,-10,-10,point,0.05502659157733425,367.0490430446591
22_Heart_2_4.npz,2,-10,-10,box,0.05538274789469428,367.0490430446591
22_Heart_2_4.npz,2,-10,-10,both,0.055283045111036426,366.56513745854227
22_Heart_2_8.npz,0,0,0,point,0.02774121160183165,330.037876614185
22_Heart_2_8.npz,0,0,0,box,0.028928100541418412,330.037876614185
22_Heart_2_8.npz,0,0,0,both,0.02854595612972442,330.037876614185
22_Heart_2_8.npz,0,5,0,point,0.02907013446120367,327.6049450176233
22_Heart_2_8.npz,0,5,0,box,0.02788187992735302,326.8088126106761
22_Heart_2_8.npz,0,5,0,both,0.02813182705001015,326.8088126106761
22_Heart_2_8.npz,0,-5,0,point,0.028383142966577207,330.037876614185
22_Heart_2_8.npz,0,-5,0,box,0.028348111929184933,330.037876614185
22_Heart_2_8.npz,0,-5,0,both,0.028524192198223854,330.037876614185
22_Heart_2_8.npz,0,0,5,point,0.028983263403982957,330.037876614185
22_Heart_2_8.npz,0,0,5,box,0.027815637951652553,328.4585209733491
22_Heart_2_8.npz,0,0,5,both,0.02712157908900194,330.037876614185
22_Heart_2_8.npz,0,0,-5,point,0.027924387048473144,328.8175786055241
22_Heart_2_8.npz,0,0,-5,box,0.028112374798461903,328.4585209733491
22_Heart_2_8.npz,0,0,-5,both,0.027730156256311856,328.8175786055241
22_Heart_2_8.npz,0,10,10,point,0.030555472910649705,328.8175786055241
22_Heart_2_8.npz,0,10,10,box,0.027095657601675805,329.4267748681033
22_Heart_2_8.npz,0,10,10,both,0.026932773743560904,328.8175786055241
22_Heart_2_8.npz,0,-10,-10,point,0.028525385988724346,330.037876614185
22_Heart_2_8.npz,0,-10,-10,box,0.028993417168824056,330.037876614185
22_Heart_2_8.npz,0,-10,-10,both,0.028484074060660395,330.037876614185
22_Heart_2_8.npz,1,0,0,point,0.015704126417126898,322.0558957696629
22_Heart_2_8.npz,1,0,0,box,0.015549429689173909,322.0558957696629
22_Heart_2_8.npz,1,0,0,both,0.015096806325092589,322.0558957696629
22_Heart_2_8.npz,1,5,0,point,0.016272464847749295,322.0558957696629
22_Heart_2_8.npz,1,5,0,box,0.014979521952616514,322.0558957696629
22_Heart_2_8.npz,1,5,0,both,0.014852616907203233,322.0558957696629
22_Heart_2_8.npz,1,-5,0,point,0.015168641750226971,320.8301731446093
22_Heart_2_8.npz,1,-5,0,box,0.015473260316093496,320.0
22_Heart_2_8.npz,1,-5,0,both,0.0157681919660269,320.0390601161052
22_Heart_2_8.npz,1,0,5,point,0.01507012972352473,322.0558957696629
22_Heart_2_8.npz,1,0,5,box,0.014909452350358203,322.0558957696629
22_Heart_2_8.npz,1,0,5,both,0.014836763395491552,322.0558957696629
22_Heart_2_8.npz,1,0,-5,point,0.015534259015844015,322.0558957696629
22_Heart_2_8.npz,1,0,-5,box,0.015348763207890791,322.0558957696629
22_Heart_2_8.npz,1,0,-5,both,0.015538475977932467,322.0558957696629
22_Heart_2_8.npz,1,10,10,point,0.014747822512267179,322.0558957696629
22_Heart_2_8.npz,1,10,10,box,0.014458336243624775,321.26780106322514
22_Heart_2_8.npz,1,10,10,both,0.013543784677945076,321.26780106322514
22_Heart_2_8.npz,1,-10,-10,point,0.01473855622869399,321.4420632089086
22_Heart_2_8.npz,1,-10,-10,box,0.014456746950675075,322.0558957696629
22_Heart_2_8.npz,1,-10,-10,both,0.014330563250229076,322.0558957696629
22_Heart_2_8.npz,2,0,0,point,0.016273820148034995,382.87334720505163
22_Heart_2_8.npz,2,0,0,box,0.013850687622786384,382.87334720505163
22_Heart_2_8.npz,2,0,0,both,0.015129035628457816,382.87334720505163
22_Heart_2_8.npz,2,5,0,point,0.017580317156920714,384.56728930058523
22_Heart_2_8.npz,2,5,0,box,0.01808918535637186,384.56728930058523
22_Heart_2_8.npz,2,5,0,both,0.018156016528233843,384.56728930058523
22_Heart_2_8.npz,2,-5,0,point,0.01693844513759852,384.56728930058523
22_Heart_2_8.npz,2,-5,0,box,0.017476492886326803,384.0377585602749
22_Heart_2_8.npz,2,-5,0,both,0.017297404153845918,384.56728930058523
22_Heart_2_8.npz,2,0,5,point,0.016991007725147625,382.6604238747456
22_Heart_2_8.npz,2,0,5,box,0.016207075526979742,381.93847672105517
22_Heart_2_8.npz,2,0,5,both,0.015954753465619326,381.81147180251145
22_Heart_2_8.npz,2,0,-5,point,0.018133670051381397,384.56728930058523
22_Heart_2_8.npz,2,0,-5,box,0.01638600056204925,384.56728930058523
22_Heart_2_8.npz,2,0,-5,both,0.016729903037560914,384.56728930058523
22_Heart_2_8.npz,2,10,10,point,0.017125313353796266,384.0377585602749
22_Heart_2_8.npz,2,10,10,box,0.014427899081855402,383.5101041693687
22_Heart_2_8.npz,2,10,10,both,0.015539703272040075,384.0377585602749
22_Heart_2_8.npz,2,-10,-10,point,0.016299475700196835,382.9843338832543
22_Heart_2_8.npz,2,-10,-10,box,0.016267547481418634,382.9843338832543
22_Heart_2_8.npz,2,-10,-10,both,0.016461930370787834,382.9843338832543
22_Heart_2_9.npz,0,0,0,point,0.01918664554057515,333.2101439032131
22_Heart_2_9.npz,0,0,0,box,0.018532110091741903,333.2101439032131
22_Heart_2_9.npz,0,0,0,both,0.018473259513112978,333.2101439032131
22_Heart_2_9.npz,0,5,0,point,0.01829150411682678,332.6048706799105
22_Heart_2_9.npz,0,5,0,box,0.01876590514331111,332.6048706799105
22_Heart_2_9.npz,0,5,0,both,0.018314957029005097,332.6048706799105
22_Heart_2_9.npz,0,-5,0,point,0.018225464926300807,333.2101439032131
22_Heart_2_9.npz,0,-5,0,box,0.017925291003449625,332.6048706799105
22_Heart_2_9.npz,0,-5,0,both,0.017723748118270675,333.2101439032131
22_Heart_2_9.npz,0,0,5,point,0.018698017068952903,333.2101439032131
22_Heart_2_9.npz,0,0,5,box,0.01768356137984061,333.2101439032131
22_Heart_2_9.npz,0,0,5,both,0.018232992592362076,333.2101439032131
22_Heart_2_9.npz,0,0,-5,point,0.016911730163945857,330.037876614185
22_Heart_2_9.npz,0,0,-5,box,0.01698588620865558,330.82926110004234
22_Heart_2_9.npz,0,0,-5,both,0.017223542569546422,331.621772505968
22_Heart_2_9.npz,0,10,10,point,0.018124069686994582,333.2101439032131
22_Heart_2_9.npz,0,10,10,box,0.018363537503432323,332.50112781763613
22_Heart_2_9.npz,0,10,10,both,0.018685879345262543,331.8825093312391
22_Heart_2_9.npz,0,-10,-10,point,0.01874534430897582,331.2657543423407
22_Heart_2_9.npz,0,-10,-10,box,0.017820424948593382,332.00150602068055
22_Heart_2_9.npz,0,-10,-10,both,0.01806864988558187,331.20386471175124
22_Heart_2_9.npz,1,0,0,point,0.012681977693615114,324.6120761770886
22_Heart_2_9.npz,1,0,0,box,0.01197787615815353,325.4796460610095
22_Heart_2_9.npz,1,0,0,both,0.011964107676967138,324.2483615995615
22_Heart_2_9.npz,1,5,0,point,0.012239645504462507,327.0550412392385
22_Heart_2_9.npz,1,5,0,box,0.011932665672277088,327.0550412392385
22_Heart_2_9.npz,1,5,0,both,0.01206832528778244,327.0550412392385
22_Heart_2_9.npz,1,-5,0,point,0.012197250963093294,327.0550412392385
22_Heart_2_9.npz,1,-5,0,box,0.011211639662372236,325.8297101247828
22_Heart_2_9.npz,1,-5,0,both,0.011463113158027442,325.8297101247828
22_Heart_2_9.npz,1,0,5,point,0.012278265961079836,327.0550412392385
22_Heart_2_9.npz,1,0,5,box,0.012237986391429331,327.0550412392385
22_Heart_2_9.npz,1,0,5,both,0.012255990337305624,327.0550412392385
22_Heart_2_9.npz,1,0,-5,point,0.012574107265955448,321.0996729988992
22_Heart_2_9.npz,1,0,-5,box,0.012385340491183923,325.8297101247828
22_Heart_2_9.npz,1,0,-5,both,0.012477651966624613,325.8297101247828
22_Heart_2_9.npz,1,10,10,point,0.011767824012720725,325.8297101247828
22_Heart_2_9.npz,1,10,10,box,0.012187867046996339,326.44141894067303
22_Heart_2_9.npz,1,10,10,both,0.012229345866890853,326.44141894067303
22_Heart_2_9.npz,1,-10,-10,point,0.012151556918226732,323.02476685232665
22_Heart_2_9.npz,1,-10,-10,box,0.012659563245063593,323.02476685232665
22_Heart_2_9.npz,1,-10,-10,both,0.011567710378802682,323.02476685232665
22_Heart_2_9.npz,2,0,0,point,0.011268332544835813,378.27238863020386
22_Heart_2_9.npz,2,0,0,box,0.011606968520164494,378.27238863020386
22_Heart_2_9.npz,2,0,0,both,0.01160052950151963,378.27238863020386
22_Heart_2_9.npz,2,5,0,point,0.010372122645791673,376.62979170532964
22_Heart_2_9.npz,2,5,0,box,0.009460384639316947,376.62979170532964
22_Heart_2_9.npz,2,5,0,both,0.009330323551535492,376.62979170532964
22_Heart_2_9.npz,2,-5,0,point,0.011560693641617688,379.6024235960566
22_Heart_2_9.npz,2,-5,0,box,0.01121489013123385,379.6024235960566
22_Heart_2_9.npz,2,-5,0,both,0.011063241316950637,379.6024235960566
22_Heart_2_9.npz,2,0,5,point,0.011017879548305607,379.6024235960566
22_Heart_2_9.npz,2,0,5,box,0.010994063825499667,379.6024235960566
22_Heart_2_9.npz,2,0,5,both,0.011129439993143926,379.6024235960566
22_Heart_2_9.npz,2,0,-5,point,0.011252888576308111,379.6024235960566
22_Heart_2_9.npz,2,0,-5,box,0.011119610647331453,378.27238863020386
22_Heart_2_9.npz,2,0,-5,both,0.011112007421449042,378.27238863020386
22_Heart_2_9.npz,2,10,10,point,0.010975329451424019,378.27238863020386
22_Heart_2_9.npz,2,10,10,box,0.012212183418102247,377.5248336202534
22_Heart_2_9.npz,2,10,10,both,0.011850373043599155,378.1137395017536
22_Heart_2_9.npz,2,-10,-10,point,0.012199360489362541,379.6024235960566
22_Heart_2_9.npz,2,-10,-10,box,0.011511787681087614,379.6024235960566
22_Heart_2_9.npz,2,-10,-10,both,0.01081900490073814,378.85749299703707
22_Heart_3_2.npz,0,0,0,point,0.006192281001439655,222.73975846265077
22_Heart_3_2.npz,0,0,0,box,0.006218683777948188,222.03603311174518
22_Heart_3_2.npz,0,0,0,both,0.006168227879622595,222.03603311174518
22_Heart_3_2.npz,0,5,0,point,0.005672071907232882,222.03152929257593
22_Heart_3_2.npz,0,5,0,box,0.005468300304250172,222.73975846265077
22_Heart_3_2.npz,0,5,0,both,0.005739643398079947,222.73975846265077
22_Heart_3_2.npz,0,-5,0,point,0.005734124762010139,222.73975846265077
22_Heart_3_2.npz,0,-5,0,box,0.0061211526245850195,222.73975846265077
22_Heart_3_2.npz,0,-5,0,both,0.0056987436860485696,222.73975846265077
22_Heart_3_2.npz,0,0,5,point,0.005795693140605286,222.73975846265077
22_Heart_3_2.npz,0,0,5,box,0.00595984201688481,222.73975846265077
22_Heart_3_2.npz,0,0,5,both,0.006093172767834263,222.73975846265077
22_Heart_3_2.npz,0,0,-5,point,0.0057879184817367126,222.03603311174518
22_Heart_3_2.npz,0,0,-5,box,0.005647590361444264,221.33458834985552
22_Heart_3_2.npz,0,0,-5,both,0.006059040417086011,221.33458834985552
22_Heart_3_2.npz,0,10,10,point,0.006671829391790274,222.03603311174518
22_Heart_3_2.npz,0,10,10,box,0.006229431123647416,222.03603311174518
22_Heart_3_2.npz,0,10,10,both,0.006000500041669306,222.03603311174518
22_Heart_3_2.npz,0,-10,-10,point,0.005650020945894535,222.73975846265077
22_Heart_3_2.npz,0,-10,-10,box,0.005664441666887527,222.73975846265077
22_Heart_3_2.npz,0,-10,-10,both,0.005763394792542555,222.73975846265077
22_Heart_3_2.npz,1,0,0,point,0.00829678795779999,215.6687274502263
22_Heart_3_2.npz,1,0,0,box,0.007187088908137714,215.6687274502263
22_Heart_3_2.npz,1,0,0,both,0.007291423229723163,215.6687274502263
22_Heart_3_2.npz,1,5,0,point,0.008697073728950679,214.96046148071045
22_Heart_3_2.npz,1,5,0,box,0.008874188213462775,214.2545215392198
22_Heart_3_2.npz,1,5,0,both,0.00854846335697238,214.2545215392198
22_Heart_3_2.npz,1,-5,0,point,0.008709284096842181,214.96046148071045
22_Heart_3_2.npz,1,-5,0,box,0.00843834064844728,214.96046148071045
22_Heart_3_2.npz,1,-5,0,both,0.008937335330885744,214.96046148071045
22_Heart_3_2.npz,1,0,5,point,0.0076592910530585995,214.96046148071045
22_Heart_3_2.npz,1,0,5,box,0.007558482562866554,215.6687274502263
22_Heart_3_2.npz,1,0,5,both,0.007859723323639465,214.96046148071045
22_Heart_3_2.npz,1,0,-5,point,0.008322335222419328,215.6687274502263
22_Heart_3_2.npz,1,0,-5,box,0.008916883756495339,215.6687274502263
22_Heart_3_2.npz,1,0,-5,both,0.00855422364792496,214.96046148071045
22_Heart_3_2.npz,1,10,10,point,0.008417293712534878,215.6687274502263
22_Heart_3_2.npz,1,10,10,box,0.009203770290464893,215.6687274502263
22_Heart_3_2.npz,1,10,10,both,0.00862643218758183,215.6687274502263
22_Heart_3_2.npz,1,-10,-10,point,0.008162499413609718,215.6687274502263
22_Heart_3_2.npz,1,-10,-10,box,0.008613782051280326,215.6687274502263
22_Heart_3_2.npz,1,-10,-10,both,0.008004574042307902,215.6687274502263
22_Heart_3_2.npz,2,0,0,point,0.001567077740682167,238.6734170367534
22_Heart_3_2.npz,2,0,0,box,0.0015806632199421803,238.5979882563975
22_Heart_3_2.npz,2,0,0,both,0.0016947875866221577,239.3407612589214
22_Heart_3_2.npz,2,5,0,point,0.0015865520823493085,239.3407612589214
22_Heart_3_2.npz,2,5,0,box,0.0015369451544460255,239.3407612589214
22_Heart_3_2.npz,2,5,0,both,0.0015996378178523203,239.3407612589214
22_Heart_3_2.npz,2,-5,0,point,0.0015259619746769652,239.3407612589214
22_Heart_3_2.npz,2,-5,0,box,0.0015216977799512184,238.5979882563975
22_Heart_3_2.npz,2,-5,0,both,0.0015207679878333743,238.5979882563975
22_Heart_3_2.npz,2,0,5,point,0.00158783833453378,239.3407612589214
22_Heart_3_2.npz,2,0,5,box,0.001557374333145307,239.3407612589214
22_Heart_3_2.npz,2,0,5,both,0.001483525063765358,239.3407612589214
22_Heart_3_2.npz,2,0,-5,point,0.0015544893353061067,239.3407612589214
22_Heart_3_2.npz,2,0,-5,box,0.001556361151706957,239.3407612589214
22_Heart_3_2.npz,2,0,-5,both,0.0015821911507678077,239.3407612589214
22_Heart_3_2.npz,2,10,10,point,0.0013296188425982447,239.3407612589214
22_Heart_3_2.npz,2,10,10,box,0.0014753368221799529,239.3407612589214
22_Heart_3_2.npz,2,10,10,both,0.0014581466348707478,239.3407612589214
22_Heart_3_2.npz,2,-10,-10,point,0.0014541872383340814,239.3407612589214
22_Heart_3_2.npz,2,-10,-10,box,0.0015159106383523444,239.3407612589214
22_Heart_3_2.npz,2,-10,-10,both,0.0014698677119057571,239.3407612589214
22_Heart_4_2.npz,0,0,0,point,0.009067751057512664,146.21901381147393
22_Heart_4_2.npz,0,0,0,box,0.009903455143984647,146.21901381147393
22_Heart_4_2.npz,0,0,0,both,0.009840033677118018,146.21901381147393
22_Heart_4_2.npz,0,5,0,point,0.010762537210887609,146.21901381147393
22_Heart_4_2.npz,0,5,0,box,0.010219951121961541,146.21901381147393
22_Heart_4_2.npz,0,5,0,both,0.008994378513417872,145.71547618561317
22_Heart_4_2.npz,0,-5,0,point,0.010163425981149908,146.21901381147393
22_Heart_4_2.npz,0,-5,0,box,0.010703735881838157,145.71547618561317
22_Heart_4_2.npz,0,-5,0,both,0.010886798435680455,146.21901381147393
22_Heart_4_2.npz,0,0,5,point,0.008974434669652845,145.57815770231468
22_Heart_4_2.npz,0,0,5,box,0.009246088193452504,146.21901381147393
22_Heart_4_2.npz,0,0,5,both,0.00965736208492548,146.21901381147393
22_Heart_4_2.npz,0,0,-5,point,0.010774679503162181,146.21901381147393
22_Heart_4_2.npz,0,0,-5,box,0.011222012408949975,146.21901381147393
22_Heart_4_2.npz,0,0,-5,both,0.010865628395503955,146.21901381147393
22_Heart_4_2.npz,0,10,10,point,0.007458891337502189,146.21901381147393
22_Heart_4_2.npz,0,10,10,box,0.008363958940554602,144.9413674559475
22_Heart_4_2.npz,0,10,10,both,0.010284428732106244,145.57815770231468
22_Heart_4_2.npz,0,-10,-10,point,0.00485605272284129,145.71547618561317
22_Heart_4_2.npz,0,-10,-10,box,0.009104704097108717,145.71547618561317
22_Heart_4_2.npz,0,-10,-10,both,0.008718395815160507,145.71547618561317
22_Heart_4_2.npz,1,0,0,point,0.009307536519149692,142.90206436577463
22_Heart_4_2.npz,1,0,0,box,0.008187214300328725,142.90206436577463
22_Heart_4_2.npz,1,0,0,both,0.00859138972809262,142.90206436577463
22_Heart_4_2.npz,1,5,0,point,0.010211408057435097,143.68020044529447
22_Heart_4_2.npz,1,5,0,box,0.010499739510275117,143.68020044529447
22_Heart_4_2.npz,1,5,0,both,0.01020338286653078,143.68020044529447
22_Heart_4_2.npz,1,-5,0,point,0.009326387117924396,143.68020044529447
22_Heart_4_2.npz,1,-5,0,box,0.009835987299159684,143.68020044529447
22_Heart_4_2.npz,1,-5,0,both,0.009941169408089822,143.68020044529447
22_Heart_4_2.npz,1,0,5,point,0.009498164014685558,143.68020044529447
22_Heart_4_2.npz,1,0,5,box,0.009441290708093983,143.68020044529447
22_Heart_4_2.npz,1,0,5,both,0.010833725859626216,143.68020044529447
22_Heart_4_2.npz,1,0,-5,point,0.006112469437640358,142.90206436577463
22_Heart_4_2.npz,1,0,-5,box,0.009084714967064469,142.90206436577463
22_Heart_4_2.npz,1,0,-5,both,0.009396890483508714,142.90206436577463
22_Heart_4_2.npz,1,10,10,point,0.009448596812858041,143.68020044529447
22_Heart_4_2.npz,1,10,10,box,0.00907803058775649,143.68020044529447
22_Heart_4_2.npz,1,10,10,both,0.0093017709140751,143.68020044529447
22_Heart_4_2.npz,1,-10,-10,point,0.009295262637183515,143.68020044529447
22_Heart_4_2.npz,1,-10,-10,box,0.009541941986782498,143.68020044529447
22_Heart_4_2.npz,1,-10,-10,both,0.009060178904038206,143.68020044529447
22_Heart_4_5.npz,0,0,0,point,0.02009344152878066,150.08331019803634
22_Heart_4_5.npz,0,0,0,box,0.022376833395992498,150.08331019803634
22_Heart_4_5.npz,0,0,0,both,0.02015489409348691,150.08331019803634
22_Heart_4_5.npz,0,5,0,point,0.020372240657907843,150.71164520368026
22_Heart_4_5.npz,0,5,0,box,0.019603083085507192,150.71164520368026
22_Heart_4_5.npz,0,5,0,both,0.019713261648740325,150.71164520368026
22_Heart_4_5.npz,0,-5,0,point,0.020241890592571102,149.30505684671232
22_Heart_4_5.npz,0,-5,0,box,0.01963385513397043,149.30505684671232
22_Heart_4_5.npz,0,-5,0,both,0.019362186788139144,149.30505684671232
22_Heart_4_5.npz,0,0,5,point,0.021066682142643765,149.93665329064805
22_Heart_4_5.npz,0,0,5,box,0.02099894011658022,149.93665329064805
22_Heart_4_5.npz,0,0,5,both,0.021695274002043293,149.93665329064805
22_Heart_4_5.npz,0,0,-5,point,0.020236612702361628,150.71164520368026
22_Heart_4_5.npz,0,0,-5,box,0.02037336404100796,150.71164520368026
22_Heart_4_5.npz,0,0,-5,both,0.0201879890725517,150.71164520368026
22_Heart_4_5.npz,0,10,10,point,0.02043831568576651,150.71164520368026
22_Heart_4_5.npz,0,10,10,box,0.020247933884276603,150.71164520368026
22_Heart_4_5.npz,0,10,10,both,0.022610294117626276,150.71164520368026
22_Heart_4_5.npz,0,-10,-10,point,0.019989878542501692,150.71164520368026
22_Heart_4_5.npz,0,-10,-10,box,0.0207763805357892,148.39474384222643
22_Heart_4_5.npz,0,-10,-10,both,0.020698384334732558,148.39474384222643
22_Heart_4_5.npz,1,0,0,point,0.024076080414079597,144.46106741956464
22_Heart_4_5.npz,1,0,0,box,0.02417283577576043,144.46106741956464
22_Heart_4_5.npz,1,0,0,both,0.019691996970412292,144.46106741956464
22_Heart_4_5.npz,1,5,0,point,0.029032438166481763,143.05593311708537
22_Heart_4_5.npz,1,5,0,box,0.028196832964403815,143.68020044529447
22_Heart_4_5.npz,1,5,0,both,0.02758271651798963,143.68020044529447
22_Heart_4_5.npz,1,-5,0,point,0.02323590558881835,142.90206436577463
22_Heart_4_5.npz,1,-5,0,box,0.02515440763613121,140.86873322352267
22_Heart_4_5.npz,1,-5,0,both,0.024764284902845886,142.00352108310554
22_Heart_4_5.npz,1,0,5,point,0.026437609299441188,144.46106741956464
22_Heart_4_5.npz,1,0,5,box,0.0271261365348736,144.46106741956464
22_Heart_4_5.npz,1,0,5,both,0.02701530454177643,144.46106741956464
22_Heart_4_5.npz,1,0,-5,point,0.029094702677623104,144.46106741956464
22_Heart_4_5.npz,1,0,-5,box,0.02591196304357993,143.68020044529447
22_Heart_4_5.npz,1,0,-5,both,0.02635383075724099,143.68020044529447
22_Heart_4_5.npz,1,10,10,point,0.02904921733447321,144.46106741956464
22_Heart_4_5.npz,1,10,10,box,0.02663757101470084,144.46106741956464
22_Heart_4_5.npz,1,10,10,both,0.027567584539537327,144.46106741956464
22_Heart_4_5.npz,1,-10,-10,point,0.028514121537369624,144.46106741956464
22_Heart_4_5.npz,1,-10,-10,box,0.02765388046386033,144.46106741956464
22_Heart_4_5.npz,1,-10,-10,both,0.026725119082735435,144.46106741956464
22_Heart_4_5.npz,2,0,0,point,0.01760341253867115,157.13688300332294
22_Heart_4_5.npz,2,0,0,box,0.01935944910023408,157.13688300332294
22_Heart_4_5.npz,2,0,0,both,0.018547242665252452,157.13688300332294
22_Heart_4_5.npz,2,5,0,point,0.019377902509097798,156.46405337968207
22_Heart_4_5.npz,2,5,0,box,0.018288157230645048,156.46405337968207
22_Heart_4_5.npz,2,5,0,both,0.018525730180801524,157.13688300332294
22_Heart_4_5.npz,2,-5,0,point,0.018798034521854908,157.13688300332294
22_Heart_4_5.npz,2,-5,0,box,0.020940611053889138,156.46405337968207
22_Heart_4_5.npz,2,-5,0,both,0.02097528809620342,156.46405337968207
22_Heart_4_5.npz,2,0,5,point,0.01943688565556759,155.79473675320358
22_Heart_4_5.npz,2,0,5,box,0.020496064161576937,156.40012787718558
22_Heart_4_5.npz,2,0,5,both,0.01787365177194584,156.40012787718558
22_Heart_4_5.npz,2,0,-5,point,0.00996401882089686,157.13688300332294
22_Heart_4_5.npz,2,0,-5,box,0.017880620562690137,156.40012787718558
22_Heart_4_5.npz,2,0,-5,both,0.020805209243213843,157.13688300332294
22_Heart_4_5.npz,2,10,10,point,0.018539976824998278,155.79473675320358
22_Heart_4_5.npz,2,10,10,box,0.02159857904083723,155.72411502397438
22_Heart_4_5.npz,2,10,10,both,0.022167487684706312,153.52198539622916
22_Heart_4_5.npz,2,-10,-10,point,0.020068156001495578,156.40012787718558
22_Heart_4_5.npz,2,-10,-10,box,0.021714797403166713,155.05160431288675
22_Heart_4_5.npz,2,-10,-10,both,0.02020465358794225,156.40012787718558
22_Heart_4_6.npz,0,0,0,point,0.02957231893401471,149.80320423809366
22_Heart_4_6.npz,0,0,0,box,0.029665976411265494,149.80320423809366
22_Heart_4_6.npz,0,0,0,both,0.029584472634356186,149.80320423809366
22_Heart_4_6.npz,0,5,0,point,0.02905370843988779,149.80320423809366
22_Heart_4_6.npz,0,5,0,box,0.02977213505571055,149.80320423809366
22_Heart_4_6.npz,0,5,0,both,0.02932035096404288,149.80320423809366
22_Heart_4_6.npz,0,-5,0,point,0.02920026149487199,149.80320423809366
22_Heart_4_6.npz,0,-5,0,box,0.028190296305034074,149.80320423809366
22_Heart_4_6.npz,0,-5,0,both,0.029058396200048502,149.80320423809366
22_Heart_4_6.npz,0,0,5,point,0.028060625967803468,149.164338901763
22_Heart_4_6.npz,0,0,5,box,0.027792650279866687,149.164338901763
22_Heart_4_6.npz,0,0,5,both,0.0288494720132448,149.164338901763
22_Heart_4_6.npz,0,0,-5,point,0.03340471092075895,149.80320423809366
22_Heart_4_6.npz,0,0,-5,box,0.030932703659939866,149.164338901763
22_Heart_4_6.npz,0,0,-5,both,0.027490270762583844,149.80320423809366
22_Heart_4_6.npz,0,10,10,point,0.02977393079687166,149.80320423809366
22_Heart_4_6.npz,0,10,10,box,0.029615336213761147,149.80320423809366
22_Heart_4_6.npz,0,10,10,both,0.029602297742084824,149.80320423809366
22_Heart_4_6.npz,0,-10,-10,point,0.028294420261151268,149.80320423809366
22_Heart_4_6.npz,0,-10,-10,box,0.028233231038993216,146.98639392814562
22_Heart_4_6.npz,0,-10,-10,both,0.029267495094809297,148.27339613025663
22_Heart_4_6.npz,1,0,0,point,0.03054338818511833,141.35416513141735
22_Heart_4_6.npz,1,0,0,box,0.028715940610166885,141.35416513141735
22_Heart_4_6.npz,1,0,0,both,0.03285264062646084,141.35416513141735
22_Heart_4_6.npz,1,5,0,point,0.03375951731071909,142.12670403551894
22_Heart_4_6.npz,1,5,0,box,0.03428598266913222,142.12670403551894
22_Heart_4_6.npz,1,5,0,both,0.03409800054915402,142.12670403551894
22_Heart_4_6.npz,1,-5,0,point,0.03451205961171677,140.86873322352267
22_Heart_4_6.npz,1,-5,0,box,0.03377084566374203,140.86873322352267
22_Heart_4_6.npz,1,-5,0,both,0.03393125940791711,141.4955829699288
22_Heart_4_6.npz,1,0,5,point,0.0333705980994876,142.12670403551894
22_Heart_4_6.npz,1,0,5,box,0.03331627721870677,142.12670403551894
22_Heart_4_6.npz,1,0,5,both,0.033573669436943815,142.12670403551894
22_Heart_4_6.npz,1,0,-5,point,0.03427157438909108,140.5844941663198
22_Heart_4_6.npz,1,0,-5,box,0.034359908162443845,141.35416513141735
22_Heart_4_6.npz,1,0,-5,both,0.034542009957247856,140.5844941663198
22_Heart_4_6.npz,1,10,10,point,0.033195719942679926,142.12670403551894
22_Heart_4_6.npz,1,10,10,box,0.03258145363402689,142.12670403551894
22_Heart_4_6.npz,1,10,10,both,0.03160040774714305,142.12670403551894
22_Heart_4_6.npz,1,-10,-10,point,0.03429995228753796,142.12670403551894
22_Heart_4_6.npz,1,-10,-10,box,0.03342654898190304,142.12670403551894
22_Heart_4_6.npz,1,-10,-10,both,0.03344328385559066,142.12670403551894
22_Heart_4_6.npz,2,0,0,point,0.03785940857460569,152.3975065412817
22_Heart_4_6.npz,2,0,0,box,0.033539809638867595,152.3056138164316
22_Heart_4_6.npz,2,0,0,both,0.03051399792618795,152.3056138164316
22_Heart_4_6.npz,2,5,0,point,0.03513114021517475,153.7172729396407
22_Heart_4_6.npz,2,5,0,box,0.03536698482988679,153.7172729396407
22_Heart_4_6.npz,2,5,0,both,0.03625190548779625,153.7172729396407
22_Heart_4_6.npz,2,-5,0,point,0.03646759237014451,153.7172729396407
22_Heart_4_6.npz,2,-5,0,box,0.03728101580026797,153.7172729396407
22_Heart_4_6.npz,2,-5,0,both,0.03613713579737565,153.7172729396407
22_Heart_4_6.npz,2,0,5,point,0.03432327166502989,152.22680447279973
22_Heart_4_6.npz,2,0,5,box,0.037371910789619794,152.3056138164316
22_Heart_4_6.npz,2,0,5,both,0.028958539280090154,152.22680447279973
22_Heart_4_6.npz,2,0,-5,point,0.037037037037018036,153.05554547287727
22_Heart_4_6.npz,2,0,-5,box,0.037005601765373444,153.05554547287727
22_Heart_4_6.npz,2,0,-5,both,0.0345214077560698,153.05554547287727
22_Heart_4_6.npz,2,10,10,point,0.035281824328466625,153.7172729396407
22_Heart_4_6.npz,2,10,10,box,0.03380305674995368,153.7172729396407
22_Heart_4_6.npz,2,10,10,both,0.035493730896377175,153.7172729396407
22_Heart_4_6.npz,2,-10,-10,point,0.03643521049753167,153.7172729396407
22_Heart_4_6.npz,2,-10,-10,box,0.03723714582856778,153.7172729396407
22_Heart_4_6.npz,2,-10,-10,both,0.03725532998616574,153.7172729396407
22_Heart_4_7.npz,0,0,0,point,0.027828538610132143,144.30869689661813
22_Heart_4_7.npz,0,0,0,box,0.031168831168729972,138.53880322855397
22_Heart_4_7.npz,0,0,0,both,0.019551660205596576,144.30869689661813
22_Heart_4_7.npz,0,5,0,point,0.029716105067637492,145.08618128546908
22_Heart_4_7.npz,0,5,0,box,0.026118153551769375,145.08618128546908
22_Heart_4_7.npz,0,5,0,both,0.02602230483270388,145.08618128546908
22_Heart_4_7.npz,0,-5,0,point,0.029286649214635727,145.08618128546908
22_Heart_4_7.npz,0,-5,0,box,0.02806623631767041,143.68020044529447
22_Heart_4_7.npz,0,-5,0,both,0.02596269226570747,143.68020044529447
22_Heart_4_7.npz,0,0,5,point,0.03047021308901631,145.08618128546908
22_Heart_4_7.npz,0,0,5,box,0.02845842614900738,145.08618128546908
22_Heart_4_7.npz,0,0,5,both,0.02720512096393335,145.08618128546908
22_Heart_4_7.npz,0,0,-5,point,0.023344884187467312,143.68020044529447
22_Heart_4_7.npz,0,0,-5,box,0.024283408898774853,143.68020044529447
22_Heart_4_7.npz,0,0,-5,both,0.025301559282126917,144.46106741956464
22_Heart_4_7.npz,0,10,10,point,0.029546436285084427,145.08618128546908
22_Heart_4_7.npz,0,10,10,box,0.02825368199578493,145.08618128546908
22_Heart_4_7.npz,0,10,10,both,0.028589853826303583,145.08618128546908
22_Heart_4_7.npz,0,-10,-10,point,0.025997870230960233,145.08618128546908
22_Heart_4_7.npz,0,-10,-10,box,0.026227003628476523,145.08618128546908
22_Heart_4_7.npz,0,-10,-10,both,0.026521656172473516,145.08618128546908
22_Heart_4_7.npz,1,0,0,point,0.035230746833548945,136.65284482951682
22_Heart_4_7.npz,1,0,0,box,0.03652154548487192,136.65284482951682
22_Heart_4_7.npz,1,0,0,both,0.03691863462922871,136.65284482951682
22_Heart_4_7.npz,1,5,0,point,0.04273257908768367,135.8712625980932
22_Heart_4_7.npz,1,5,0,box,0.04343348144659288,136.65284482951682
22_Heart_4_7.npz,1,5,0,both,0.04340967884407741,136.65284482951682
22_Heart_4_7.npz,1,-5,0,point,0.041200220223875386,136.65284482951682
22_Heart_4_7.npz,1,-5,0,box,0.04285338246904825,136.65284482951682
22_Heart_4_7.npz,1,-5,0,both,0.042672055152714446,136.65284482951682
22_Heart_4_7.npz,1,0,5,point,0.04216693881469495,135.8712625980932
22_Heart_4_7.npz,1,0,5,box,0.04287202897829461,135.8712625980932
22_Heart_4_7.npz,1,0,5,both,0.04253866042243888,135.8712625980932
22_Heart_4_7.npz,1,0,-5,point,0.03909774436086306,133.06013678032951
22_Heart_4_7.npz,1,0,-5,box,0.041865034383705986,134.80726983364065
22_Heart_4_7.npz,1,0,-5,both,0.0436371016845508,133.06013678032951
22_Heart_4_7.npz,1,10,10,point,0.042901696290463025,136.65284482951682
22_Heart_4_7.npz,1,10,10,box,0.041442188147519876,136.65284482951682
22_Heart_4_7.npz,1,10,10,both,0.04279959718024836,136.65284482951682
22_Heart_4_7.npz,1,-10,-10,point,0.042618516758637884,135.8712625980932
22_Heart_4_7.npz,1,-10,-10,box,0.041835036843342104,136.03308421115798
22_Heart_4_7.npz,1,-10,-10,both,0.04357588941125409,136.03308421115798
22_Heart_4_7.npz,2,0,0,point,0.04943557804588416,151.85519418182574
22_Heart_4_7.npz,2,0,0,box,0.04632072705946807,151.9802618763371
22_Heart_4_7.npz,2,0,0,both,0.04767914738459167,151.9802618763371
22_Heart_4_7.npz,2,5,0,point,0.03807599658091612,152.620444239951
22_Heart_4_7.npz,2,5,0,box,0.04150827980948071,151.85519418182574
22_Heart_4_7.npz,2,5,0,both,0.040444463365813595,152.620444239951
22_Heart_4_7.npz,2,-5,0,point,0.044968833481728636,152.50245899656832
22_Heart_4_7.npz,2,-5,0,box,0.04527637084340662,151.9802618763371
22_Heart_4_7.npz,2,-5,0,both,0.043650252353001566,151.9802618763371
22_Heart_4_7.npz,2,0,5,point,0.04336734693876527,152.620444239951
22_Heart_4_7.npz,2,0,5,box,0.043160439176386074,152.620444239951
22_Heart_4_7.npz,2,0,5,both,0.043141314383223814,152.620444239951
22_Heart_4_7.npz,2,0,-5,point,0.03950541275458442,152.620444239951
22_Heart_4_7.npz,2,0,-5,box,0.03858402743750699,152.620444239951
22_Heart_4_7.npz,2,0,-5,both,0.03736295441428349,152.620444239951
22_Heart_4_7.npz,2,10,10,point,0.04512855209741369,153.26447729333762
22_Heart_4_7.npz,2,10,10,box,0.0469383575670502,153.26447729333762
22_Heart_4_7.npz,2,10,10,both,0.04568784789993288,153.26447729333762
22_Heart_4_7.npz,2,-10,-10,point,0.042756125637219006,153.26447729333762
22_Heart_4_7.npz,2,-10,-10,box,0.04434266680544513,153.26447729333762
22_Heart_4_7.npz,2,-10,-10,both,0.044191286930386375,153.26447729333762
22_Heart_4_9.npz,0,0,0,point,0.035427127938130236,147.4347313220328
22_Heart_4_9.npz,0,0,0,box,0.035117530444623304,147.4347313220328
22_Heart_4_9.npz,0,0,0,both,0.035355752626793295,147.4347313220328
22_Heart_4_9.npz,0,5,0,point,0.03497462625151901,146.64924138910504
22_Heart_4_9.npz,0,5,0,box,0.029936091490052188,146.64924138910504
22_Heart_4_9.npz,0,5,0,both,0.03268354184849545,146.64924138910504
22_Heart_4_9.npz,0,-5,0,point,0.034988989478813924,146.64924138910504
22_Heart_4_9.npz,0,-5,0,box,0.03114041240001243,145.86637720873168
22_Heart_4_9.npz,0,-5,0,both,0.03279607568320561,147.4347313220328
22_Heart_4_9.npz,0,0,5,point,0.036529680365288295,147.4347313220328
22_Heart_4_9.npz,0,0,5,box,0.035331261902366615,147.4347313220328
22_Heart_4_9.npz,0,0,5,both,0.03537636799327173,147.4347313220328
22_Heart_4_9.npz,0,0,-5,point,0.035900209586898824,147.4347313220328
22_Heart_4_9.npz,0,0,-5,box,0.034794900372404715,146.81961721786362
22_Heart_4_9.npz,0,0,-5,both,0.03541230887074348,147.4347313220328
22_Heart_4_9.npz,0,10,10,point,0.035137105084566536,147.4347313220328
22_Heart_4_9.npz,0,10,10,box,0.03528789037227687,146.81961721786362
22_Heart_4_9.npz,0,10,10,both,0.03624059729872313,146.81961721786362
22_Heart_4_9.npz,0,-10,-10,point,0.03205559291635053,146.64924138910504
22_Heart_4_9.npz,0,-10,-10,box,0.0349557175326946,146.64924138910504
22_Heart_4_9.npz,0,-10,-10,both,0.02769078622051451,146.64924138910504
22_Heart_4_9.npz,1,0,0,point,0.03041515577590823,142.00352108310554
22_Heart_4_9.npz,1,0,0,box,0.03156344897394333,140.41723540933285
22_Heart_4_9.npz,1,0,0,both,0.0326819870648023,142.00352108310554
22_Heart_4_9.npz,1,5,0,point,0.030050083472429004,142.00352108310554
22_Heart_4_9.npz,1,5,0,box,0.028953606501837998,141.20906486483082
22_Heart_4_9.npz,1,5,0,both,0.028440511929192256,141.20906486483082
22_Heart_4_9.npz,1,-5,0,point,0.03068340306831653,140.80127840328723
22_Heart_4_9.npz,1,-5,0,box,0.031380753138063155,141.40014144264495
22_Heart_4_9.npz,1,-5,0,both,0.03182192263979628,141.40014144264495
22_Heart_4_9.npz,1,0,5,point,0.031375849011221146,141.20906486483082
22_Heart_4_9.npz,1,0,5,box,0.03215763835474777,141.40014144264495
22_Heart_4_9.npz,1,0,5,both,0.03207674436032673,141.40014144264495
22_Heart_4_9.npz,1,0,-5,point,0.0309296889048621,141.40014144264495
22_Heart_4_9.npz,1,0,-5,box,0.030833707528801515,140.80127840328723
22_Heart_4_9.npz,1,0,-5,both,0.030445261956095204,140.80127840328723
22_Heart_4_9.npz,1,10,10,point,0.02930898433094955,142.00352108310554
22_Heart_4_9.npz,1,10,10,box,0.03055860217085944,142.00352108310554
22_Heart_4_9.npz,1,10,10,both,0.03112693123294792,142.00352108310554
22_Heart_4_9.npz,1,-10,-10,point,0.03257027714463959,141.20906486483082
22_Heart_4_9.npz,1,-10,-10,box,0.031652708938632146,141.40014144264495
22_Heart_4_9.npz,1,-10,-10,both,0.031984007995990583,140.80127840328723
22_Heart_4_9.npz,2,0,0,point,0.053956349313390904,147.5127113166862
22_Heart_4_9.npz,2,0,0,box,0.04584151931885095,147.5127113166862
22_Heart_4_9.npz,2,0,0,both,0.05903039437323598,146.21901381147393
22_Heart_4_9.npz,2,5,0,point,0.05632626548505715,147.5127113166862
22_Heart_4_9.npz,2,5,0,box,0.06039560665687672,147.5127113166862
22_Heart_4_9.npz,2,5,0,both,0.059524175925622626,147.5127113166862
22_Heart_4_9.npz,2,-5,0,point,0.05797527957619287,146.8638825579659
22_Heart_4_9.npz,2,-5,0,box,0.05331515033441999,146.8638825579659
22_Heart_4_9.npz,2,-5,0,both,0.05513617525160778,146.8638825579659
22_Heart_4_9.npz,2,0,5,point,0.05783935690475856,147.5127113166862
22_Heart_4_9.npz,2,0,5,box,0.05941549489934539,147.5127113166862
22_Heart_4_9.npz,2,0,5,both,0.059761246178461284,147.5127113166862
22_Heart_4_9.npz,2,0,-5,point,0.05951520021426021,147.5127113166862
22_Heart_4_9.npz,2,0,-5,box,0.06067337729952771,146.8638825579659
22_Heart_4_9.npz,2,0,-5,both,0.05764730908315335,146.8638825579659
22_Heart_4_9.npz,2,10,10,point,0.06192803660564114,147.5127113166862
22_Heart_4_9.npz,2,10,10,box,0.06168005259094473,146.21901381147393
22_Heart_4_9.npz,2,10,10,both,0.061968408262437324,146.21901381147393
22_Heart_4_9.npz,2,-10,-10,point,0.051096520612778105,147.5127113166862
22_Heart_4_9.npz,2,-10,-10,box,0.04643196955271849,145.57815770231468
22_Heart_4_9.npz,2,-10,-10,both,0.04229323308260739,140.92906016858268
22_Heart_5_11.npz,0,0,0,point,0.025613087304441715,349.09167850293994
22_Heart_5_11.npz,0,0,0,box,0.024533045977009293,347.932464711185
22_Heart_5_11.npz,0,0,0,both,0.02495694644419742,347.932464711185
22_Heart_5_11.npz,0,5,0,point,0.02449135178919895,347.6967069156681
22_Heart_5_11.npz,0,5,0,box,0.025118438205458473,347.6967069156681
22_Heart_5_11.npz,0,5,0,both,0.024616002409391706,346.88326566728466
22_Heart_5_11.npz,0,-5,0,point,0.0257102919696545,349.67413401622946
22_Heart_5_11.npz,0,-5,0,box,0.026067457722129924,349.67413401622946
22_Heart_5_11.npz,0,-5,0,both,0.02652572513567136,349.67413401622946
22_Heart_5_11.npz,0,0,5,point,0.024563797641089638,349.67413401622946
22_Heart_5_11.npz,0,0,5,box,0.026160806413203244,349.67413401622946
22_Heart_5_11.npz,0,0,5,both,0.025487751210205096,349.67413401622946
22_Heart_5_11.npz,0,0,-5,point,0.024282045295349945,348.51111890440455
22_Heart_5_11.npz,0,0,-5,box,0.025394250698384663,349.09167850293994
22_Heart_5_11.npz,0,0,-5,both,0.02528483212281525,348.51111890440455
22_Heart_5_11.npz,0,10,10,point,0.014310701224337238,348.0517202945562
22_Heart_5_11.npz,0,10,10,box,0.0025260498894773414,341.6021077218348
22_Heart_5_11.npz,0,10,10,both,0.0020862308762097143,341.6021077218348
22_Heart_5_11.npz,0,-10,-10,point,0.02519348918854099,349.67413401622946
22_Heart_5_11.npz,0,-10,-10,box,0.0255780316082772,349.09167850293994
22_Heart_5_11.npz,0,-10,-10,both,0.02528031504676337,349.09167850293994
22_Heart_5_11.npz,1,0,0,point,0.024345355978312794,339.44955442598535
22_Heart_5_11.npz,1,0,0,box,0.024168439224388532,339.44955442598535
22_Heart_5_11.npz,1,0,0,both,0.023964103978139528,339.44955442598535
22_Heart_5_11.npz,1,5,0,point,0.02441757964991661,339.44955442598535
22_Heart_5_11.npz,1,5,0,box,0.02391201271836224,339.44955442598535
22_Heart_5_11.npz,1,5,0,both,0.02409298053484791,338.864279616486
22_Heart_5_11.npz,1,-5,0,point,0.023854479127329062,337.8313188560232
22_Heart_5_11.npz,1,-5,0,box,0.023855275467116896,337.8313188560232
22_Heart_5_11.npz,1,-5,0,both,0.023941029464265285,337.8313188560232
22_Heart_5_11.npz,1,0,5,point,0.024098775226854045,337.69957062454193
22_Heart_5_11.npz,1,0,5,box,0.02411621307781446,339.44955442598535
22_Heart_5_11.npz,1,0,5,both,0.023892207251004716,337.69957062454193
22_Heart_5_11.npz,1,0,-5,point,0.023903095558544824,338.864279616486
22_Heart_5_11.npz,1,0,-5,box,0.023004156514259085,338.864279616486
22_Heart_5_11.npz,1,0,-5,both,0.02302937809996009,338.864279616486
22_Heart_5_11.npz,1,10,10,point,0.022273807549875017,338.2809483255006
22_Heart_5_11.npz,1,10,10,box,0.023214926444201076,338.2809483255006
22_Heart_5_11.npz,1,10,10,both,0.023186639388264024,338.2809483255006
22_Heart_5_11.npz,1,-10,-10,point,0.02429287879140027,339.44955442598535
22_Heart_5_11.npz,1,-10,-10,box,0.024151613429237027,339.44955442598535
22_Heart_5_11.npz,1,-10,-10,both,0.02391123242993921,339.44955442598535
22_Heart_5_11.npz,2,0,0,point,0.03598043623383632,386.1631779442468
22_Heart_5_11.npz,2,0,0,box,0.03669250949298154,386.1631779442468
22_Heart_5_11.npz,2,0,0,both,0.036816187253562824,386.1631779442468
22_Heart_5_11.npz,2,5,0,point,0.03644454104014296,386.1631779442468
22_Heart_5_11.npz,2,5,0,box,0.0363005162898312,385.7473266271589
22_Heart_5_11.npz,2,5,0,both,0.036133110957812443,385.7473266271589
22_Heart_5_11.npz,2,-5,0,point,0.03260470723907802,384.92207003496173
22_Heart_5_11.npz,2,-5,0,box,0.03464914049164219,384.92207003496173
22_Heart_5_11.npz,2,-5,0,both,0.03373717651200587,384.92207003496173
22_Heart_5_11.npz,2,0,5,point,0.035654462790137904,386.1631779442468
22_Heart_5_11.npz,2,0,5,box,0.03390854303089742,386.1631779442468
22_Heart_5_11.npz,2,0,5,both,0.034541289304066074,386.1631779442468
22_Heart_5_11.npz,2,0,-5,point,0.032740857068067494,386.1631779442468
22_Heart_5_11.npz,2,0,-5,box,0.03385436818075643,386.1631779442468
22_Heart_5_11.npz,2,0,-5,both,0.03466132707311423,386.1631779442468
22_Heart_5_11.npz,2,10,10,point,0.035975343894533086,385.3336216838598
22_Heart_5_11.npz,2,10,10,box,0.036297109403582856,385.7473266271589
22_Heart_5_11.npz,2,10,10,both,0.03626390370257228,385.3336216838598
22_Heart_5_11.npz,2,-10,-10,point,0.03418209691713965,386.1631779442468
22_Heart_5_11.npz,2,-10,-10,box,0.034841870458304044,386.1631779442468
22_Heart_5_11.npz,2,-10,-10,both,0.03525768283966724,386.1631779442468
22_Heart_5_2.npz,0,0,0,point,0.0016903439104116677,373.97326107624326
22_Heart_5_2.npz,0,0,0,box,0.0017341461315964247,373.90506816570434
22_Heart_5_2.npz,0,0,0,both,0.0018560992747953745,373.90506816570434
22_Heart_5_2.npz,0,5,0,point,0.0016586294806031224,375.5862084794914
22_Heart_5_2.npz,0,5,0,box,0.0014594101550621514,374.50901190759083
22_Heart_5_2.npz,0,5,0,both,0.0015311933971951588,374.50901190759083
22_Heart_5_2.npz,0,-5,0,point,0.0018606278426257228,373.97326107624326
22_Heart_5_2.npz,0,-5,0,box,0.0018554080506153596,373.97326107624326
22_Heart_5_2.npz,0,-5,0,both,0.0018115942028983899,373.97326107624326
22_Heart_5_2.npz,0,0,5,point,0.0018264284192256474,372.5936123982804
22_Heart_5_2.npz,0,0,5,box,0.0016765057340060148,373.43941945113403
22_Heart_5_2.npz,0,0,5,both,0.0018298702236771171,373.1286641361127
22_Heart_5_2.npz,0,0,-5,point,0.001607717041800328,375.5862084794914
22_Heart_5_2.npz,0,0,-5,box,0.0015588464536241311,375.5862084794914
22_Heart_5_2.npz,0,0,-5,both,0.0015606485361693246,375.5862084794914
22_Heart_5_2.npz,0,10,10,point,0.0009103322712748734,374.50901190759083
22_Heart_5_2.npz,0,10,10,box,0.001058201058199192,374.50901190759083
22_Heart_5_2.npz,0,10,10,both,0.0008911332244157268,374.50901190759083
22_Heart_5_2.npz,0,-10,-10,point,0.0016712687109430554,375.5862084794914
22_Heart_5_2.npz,0,-10,-10,box,0.001686383404972822,375.5862084794914
22_Heart_5_2.npz,0,-10,-10,both,0.001665401946102646,375.5862084794914
22_Heart_5_2.npz,1,0,0,point,0.007216537725646035,366.3795845840759
22_Heart_5_2.npz,1,0,0,box,0.007521938988716286,366.3795845840759
22_Heart_5_2.npz,1,0,0,both,0.007527157642630279,366.3795845840759
22_Heart_5_2.npz,1,5,0,point,0.007248624557163364,364.1785276481852
22_Heart_5_2.npz,1,5,0,box,0.007081664904170924,366.3795845840759
22_Heart_5_2.npz,1,5,0,both,0.007013118062562183,366.3795845840759
22_Heart_5_2.npz,1,-5,0,point,0.007064798636960125,366.3795845840759
22_Heart_5_2.npz,1,-5,0,box,0.007044993753711452,366.3795845840759
22_Heart_5_2.npz,1,-5,0,both,0.006994933464288289,366.3795845840759
22_Heart_5_2.npz,1,0,5,point,0.007282708395114013,366.3795845840759
22_Heart_5_2.npz,1,0,5,box,0.0071696881517580024,366.3795845840759
22_Heart_5_2.npz,1,0,5,both,0.007177100250584203,366.3795845840759
22_Heart_5_2.npz,1,0,-5,point,0.006654786873352995,364.2320688791694
22_Heart_5_2.npz,1,0,-5,box,0.007221604404353938,366.3795845840759
22_Heart_5_2.npz,1,0,-5,both,0.007325718786922544,364.72592449673766
22_Heart_5_2.npz,1,10,10,point,0.007221918896112669,366.3795845840759
22_Heart_5_2.npz,1,10,10,box,0.0073469542330182455,366.3795845840759
22_Heart_5_2.npz,1,10,10,both,0.0072453923832801635,366.3795845840759
22_Heart_5_2.npz,1,-10,-10,point,0.0070711304696465605,365.8264615907384
22_Heart_5_2.npz,1,-10,-10,box,0.006987849485595421,365.8264615907384
22_Heart_5_2.npz,1,-10,-10,both,0.006917405061070519,365.2752386899501
22_Heart_5_5.npz,0,0,0,point,0.01746189459442134,371.09702235399305
22_Heart_5_5.npz,0,0,0,box,0.017438632776354712,372.21633494514987
22_Heart_5_5.npz,0,0,0,both,0.017942448749293027,372.21633494514987
22_Heart_5_5.npz,0,5,0,point,0.017344327551888077,372.21633494514987
22_Heart_5_5.npz,0,5,0,box,0.017233205989789124,370.2674708909763
22_Heart_5_5.npz,0,5,0,both,0.01729808746497325,368.6109059699672
22_Heart_5_5.npz,0,-5,0,point,0.01797784126541287,368.05026830583887
22_Heart_5_5.npz,0,-5,0,box,0.018834254262428494,370.563085047607
22_Heart_5_5.npz,0,-5,0,both,0.019029527993076945,371.09702235399305
22_Heart_5_5.npz,0,0,5,point,0.01801839089974559,372.21633494514987
22_Heart_5_5.npz,0,0,5,box,0.017894020395459134,372.21633494514987
22_Heart_5_5.npz,0,0,5,both,0.01786635170428926,372.21633494514987
22_Heart_5_5.npz,0,0,-5,point,0.01790024354815712,372.21633494514987
22_Heart_5_5.npz,0,0,-5,box,0.01827079934747021,372.21633494514987
22_Heart_5_5.npz,0,0,-5,both,0.0180698205376703,372.21633494514987
22_Heart_5_5.npz,0,10,10,point,0.016732042167192714,372.21633494514987
22_Heart_5_5.npz,0,10,10,box,0.01575347198230645,372.21633494514987
22_Heart_5_5.npz,0,10,10,both,0.015888778550144027,372.21633494514987
22_Heart_5_5.npz,0,-10,-10,point,0.016835016835012845,370.563085047607
22_Heart_5_5.npz,0,-10,-10,box,0.016296904957543087,371.09702235399305
22_Heart_5_5.npz,0,-10,-10,both,0.016127645673214674,371.09702235399305
22_Heart_5_5.npz,1,0,0,point,0.015237720951418355,359.80689265215585
22_Heart_5_5.npz,1,0,0,box,0.015008964398530266,360.6272313622475
22_Heart_5_5.npz,1,0,0,both,0.014684507346405312,360.6272313622475
22_Heart_5_5.npz,1,5,0,point,0.014726696167832853,361.4484748895754
22_Heart_5_5.npz,1,5,0,box,0.014558173178166902,361.4484748895754
22_Heart_5_5.npz,1,5,0,both,0.01441564476816282,361.4484748895754
22_Heart_5_5.npz,1,-5,0,point,0.015326969063622426,361.4484748895754
22_Heart_5_5.npz,1,-5,0,box,0.015141411367825472,361.4484748895754
22_Heart_5_5.npz,1,-5,0,both,0.01500771552253786,361.4484748895754
22_Heart_5_5.npz,1,0,5,point,0.013125691183666651,361.4484748895754
22_Heart_5_5.npz,1,0,5,box,0.014733178654289495,359.7471334145694
22_Heart_5_5.npz,1,0,5,both,0.012760495318632445,359.80689265215585
22_Heart_5_5.npz,1,0,-5,point,0.015071538660882532,359.7471334145694
22_Heart_5_5.npz,1,0,-5,box,0.014928226737737752,358.66558240232644
22_Heart_5_5.npz,1,0,-5,both,0.01501544596931841,358.92199709686224
22_Heart_5_5.npz,1,10,10,point,0.014492210904732017,360.3123644839294
22_Heart_5_5.npz,1,10,10,box,0.014781482239038007,360.3123644839294
22_Heart_5_5.npz,1,10,10,both,0.014505739332588936,360.3123644839294
22_Heart_5_5.npz,1,-10,-10,point,0.013572166724073863,360.6272313622475
22_Heart_5_5.npz,1,-10,-10,box,0.012333804809045355,359.80689265215585
22_Heart_5_5.npz,1,-10,-10,both,0.011729423525483685,359.80689265215585
22_Heart_5_5.npz,2,0,0,point,0.008617131914751702,404.1014724051374
22_Heart_5_5.npz,2,0,0,box,0.00898439117293732,404.1014724051374
22_Heart_5_5.npz,2,0,0,both,0.009128211227401118,404.1014724051374
22_Heart_5_5.npz,2,5,0,point,0.010646981580718086,404.1014724051374
22_Heart_5_5.npz,2,5,0,box,0.010379945162543694,404.1014724051374
22_Heart_5_5.npz,2,5,0,both,0.009394741104686898,404.1014724051374
22_Heart_5_5.npz,2,-5,0,point,0.009241337432159737,404.1014724051374
22_Heart_5_5.npz,2,-5,0,box,0.009014190750081655,404.1014724051374
22_Heart_5_5.npz,2,-5,0,both,0.009131325241020118,404.1014724051374
22_Heart_5_5.npz,2,0,5,point,0.009582239257313638,403.5504925037262
22_Heart_5_5.npz,2,0,5,box,0.009191564484868537,403.00124069287926
22_Heart_5_5.npz,2,0,5,both,0.009289813486369324,403.00124069287926
22_Heart_5_5.npz,2,0,-5,point,0.00963205548063888,403.00124069287926
22_Heart_5_5.npz,2,0,-5,box,0.009455881558328641,403.5504925037262
22_Heart_5_5.npz,2,0,-5,both,0.009543836945971534,403.5504925037262
22_Heart_5_5.npz,2,10,10,point,0.01052701052700879,402.4537240478711
22_Heart_5_5.npz,2,10,10,box,0.01043751575264119,404.1014724051374
22_Heart_5_5.npz,2,10,10,both,0.010149734746621798,404.1014724051374
22_Heart_5_5.npz,2,-10,-10,point,0.010193218112213697,404.1014724051374
22_Heart_5_5.npz,2,-10,-10,box,0.009913961937948605,404.1014724051374
22_Heart_5_5.npz,2,-10,-10,both,0.009785717870225098,404.1014724051374
22_Heart_5_9.npz,0,0,0,point,0.027671983537781504,349.3264948440069
22_Heart_5_9.npz,0,0,0,box,0.028164168663918885,349.3264948440069
22_Heart_5_9.npz,0,0,0,both,0.028065114849445193,349.3264948440069
22_Heart_5_9.npz,0,5,0,point,0.02733261232916873,350.4868043165106
22_Heart_5_9.npz,0,5,0,box,0.026948048256333137,350.4868043165106
22_Heart_5_9.npz,0,5,0,both,0.027072327244178487,350.4868043165106
22_Heart_5_9.npz,0,-5,0,point,0.026139200998741362,349.3264948440069
22_Heart_5_9.npz,0,-5,0,box,0.019681415929189604,349.3264948440069
22_Heart_5_9.npz,0,-5,0,both,0.02542198435568885,349.3264948440069
22_Heart_5_9.npz,0,0,5,point,0.028152243750329906,350.4868043165106
22_Heart_5_9.npz,0,0,5,box,0.028110760602872525,350.4868043165106
22_Heart_5_9.npz,0,0,5,both,0.028212076225584675,350.4868043165106
22_Heart_5_9.npz,0,0,-5,point,0.027221322422068706,348.8624370722649
22_Heart_5_9.npz,0,0,-5,box,0.027185047073173218,348.8624370722649
22_Heart_5_9.npz,0,0,-5,both,0.027111383908162524,348.8624370722649
22_Heart_5_9.npz,0,10,10,point,0.02799014792351429,347.1166950753017
22_Heart_5_9.npz,0,10,10,box,0.02670748875797511,349.3264948440069
22_Heart_5_9.npz,0,10,10,both,0.027463019815792987,349.3264948440069
22_Heart_5_9.npz,0,-10,-10,point,0.02794322438918962,349.90570158258356
22_Heart_5_9.npz,0,-10,-10,box,0.027922590837280024,349.90570158258356
22_Heart_5_9.npz,0,-10,-10,both,0.027450125543954318,349.3264948440069
22_Heart_5_9.npz,1,0,0,point,0.028457794465302267,339.44955442598535
22_Heart_5_9.npz,1,0,0,box,0.02830631016537899,340.03676271838606
22_Heart_5_9.npz,1,0,0,both,0.02810484161051125,340.03676271838606
22_Heart_5_9.npz,1,5,0,point,0.027639250713307577,340.03676271838606
22_Heart_5_9.npz,1,5,0,box,0.028246282584350114,337.69957062454193
22_Heart_5_9.npz,1,5,0,both,0.02804845509365195,337.69957062454193
22_Heart_5_9.npz,1,-5,0,point,0.027306343035930075,340.03676271838606
22_Heart_5_9.npz,1,-5,0,box,0.02894894682990254,340.03676271838606
22_Heart_5_9.npz,1,-5,0,both,0.028912723021396948,340.03676271838606
22_Heart_5_9.npz,1,0,5,point,0.029006860814175223,340.03676271838606
22_Heart_5_9.npz,1,0,5,box,0.030835257146921983,338.2809483255006
22_Heart_5_9.npz,1,0,5,both,0.030179073478380093,340.03676271838606
22_Heart_5_9.npz,1,0,-5,point,0.028852466312824555,340.03676271838606
22_Heart_5_9.npz,1,0,-5,box,0.028663229140211955,339.44955442598535
22_Heart_5_9.npz,1,0,-5,both,0.02863122912971775,339.44955442598535
22_Heart_5_9.npz,1,10,10,point,0.028432002405780935,337.69957062454193
22_Heart_5_9.npz,1,10,10,box,0.028515073296640957,338.2809483255006
22_Heart_5_9.npz,1,10,10,both,0.02912711337066514,337.69957062454193
22_Heart_5_9.npz,1,-10,-10,point,0.028494181262486366,340.03676271838606
22_Heart_5_9.npz,1,-10,-10,box,0.029168270560105115,340.03676271838606
22_Heart_5_9.npz,1,-10,-10,both,0.028841163805000337,340.03676271838606
22_Heart_5_9.npz,2,0,0,point,0.030981655958561283,390.50992304933817
22_Heart_5_9.npz,2,0,0,box,0.03110666461443504,390.50992304933817
22_Heart_5_9.npz,2,0,0,both,0.030976640566127922,390.50992304933817
22_Heart_5_9.npz,2,5,0,point,0.03098136754374144,390.0833244321013
22_Heart_5_9.npz,2,5,0,box,0.03173360138388706,390.50992304933817
22_Heart_5_9.npz,2,5,0,both,0.03168000594232037,390.0833244321013
22_Heart_5_9.npz,2,-5,0,point,0.030268266854917434,390.0833244321013
22_Heart_5_9.npz,2,-5,0,box,0.030756468748998064,390.50992304933817
22_Heart_5_9.npz,2,-5,0,both,0.030554252046503895,390.50992304933817
22_Heart_5_9.npz,2,0,5,point,0.03162941984689837,390.50992304933817
22_Heart_5_9.npz,2,0,5,box,0.0317536291946584,390.50992304933817
22_Heart_5_9.npz,2,0,5,both,0.03144729549830414,390.50992304933817
22_Heart_5_9.npz,2,0,-5,point,0.031199790755891417,390.50992304933817
22_Heart_5_9.npz,2,0,-5,box,0.03127212287235359,390.50992304933817
22_Heart_5_9.npz,2,0,-5,both,0.0311316314409271,390.50992304933817
22_Heart_5_9.npz,2,10,10,point,0.02458920871691843,390.50992304933817
22_Heart_5_9.npz,2,10,10,box,0.02989806157022556,390.50992304933817
22_Heart_5_9.npz,2,10,10,both,0.028876221254689936,390.50992304933817
22_Heart_5_9.npz,2,-10,-10,point,0.027208723730862732,389.23643200502187
22_Heart_5_9.npz,2,-10,-10,box,0.027409086004085783,390.50992304933817
22_Heart_5_9.npz,2,-10,-10,both,0.02339088232952232,390.50992304933817
