organ,file,class,dx,dy,mode,dice,hd
Pancreas,6_Pancreas_10_43_0.npz,2,0,0,point,0.010124841652185312,391.24672522591163
Pancreas,6_Pancreas_10_43_0.npz,2,0,0,box,0.009817268421758427,388.63093031821336
Pancreas,6_Pancreas_10_43_0.npz,2,0,0,both,0.010196970252722225,387.33189902201445
Pancreas,6_Pancreas_10_43_0.npz,2,5,0,point,0.009612233752046312,391.24672522591163
Pancreas,6_Pancreas_10_43_0.npz,2,5,0,box,0.010005912584704594,389.9358921669048
Pancreas,6_Pancreas_10_43_0.npz,2,5,0,both,0.009593320615961739,389.74093959962687
Pancreas,6_Pancreas_10_43_0.npz,2,-5,0,point,0.00967460010975321,389.1799069839038
Pancreas,6_Pancreas_10_43_0.npz,2,-5,0,box,0.010063589052739217,391.24672522591163
Pancreas,6_Pancreas_10_43_0.npz,2,-5,0,both,0.009767000200248711,389.9358921669048
Pancreas,6_Pancreas_10_43_0.npz,2,0,5,point,0.00994586754383607,391.24672522591163
Pancreas,6_Pancreas_10_43_0.npz,2,0,5,box,0.008347826086952373,387.98066962156764
Pancreas,6_Pancreas_10_43_0.npz,2,0,5,both,0.00948682530167336,391.24672522591163
Pancreas,6_Pancreas_10_43_0.npz,2,0,-5,point,0.009469530907493945,391.24672522591163
Pancreas,6_Pancreas_10_43_0.npz,2,0,-5,box,0.009823705163700812,387.4906450483676
Pancreas,6_Pancreas_10_43_0.npz,2,0,-5,both,0.009951776097828647,389.74093959962687
Pancreas,6_Pancreas_10_43_0.npz,2,10,10,point,0.009904398968055488,391.24672522591163
Pancreas,6_Pancreas_10_43_0.npz,2,10,10,box,0.009972316000136332,391.24672522591163
Pancreas,6_Pancreas_10_43_0.npz,2,10,10,both,0.009744658676391417,387.33189902201445
Pancreas,6_Pancreas_10_43_0.npz,2,-10,-10,point,0.009847404826019082,389.74093959962687
Pancreas,6_Pancreas_10_43_0.npz,2,-10,-10,box,0.009752618098109149,391.24672522591163
Pancreas,6_Pancreas_10_43_0.npz,2,-10,-10,both,0.009912222123885888,390.59057848340376
Pancreas,6_Pancreas_10_52_1.npz,2,0,0,point,0.004591629418934926,444.6807843835845
Pancreas,6_Pancreas_10_52_1.npz,2,0,0,box,0.0046480482136508254,440.75957164876183
Pancreas,6_Pancreas_10_52_1.npz,2,0,0,both,0.004524049680988575,444.1103466482176
Pancreas,6_Pancreas_10_52_1.npz,2,5,0,point,0.004347101679768229,444.6807843835845
Pancreas,6_Pancreas_10_52_1.npz,2,5,0,box,0.00447245846175211,444.6807843835845
Pancreas,6_Pancreas_10_52_1.npz,2,5,0,both,0.004560804254162504,443.0406301909566
Pancreas,6_Pancreas_10_52_1.npz,2,-5,0,point,0.00443041869214724,444.6807843835845
Pancreas,6_Pancreas_10_52_1.npz,2,-5,0,box,0.004535918204753443,443.0406301909566
Pancreas,6_Pancreas_10_52_1.npz,2,-5,0,both,0.004463180928150408,443.5414298574599
Pancreas,6_Pancreas_10_52_1.npz,2,0,5,point,0.004485937863174847,444.6807843835845
Pancreas,6_Pancreas_10_52_1.npz,2,0,5,box,0.004615348754088576,444.1103466482176
Pancreas,6_Pancreas_10_52_1.npz,2,0,5,both,0.0045184265372767715,444.6807843835845
Pancreas,6_Pancreas_10_52_1.npz,2,0,-5,point,0.004527012115415918,444.6807843835845
Pancreas,6_Pancreas_10_52_1.npz,2,0,-5,box,0.004472441986392348,443.5414298574599
Pancreas,6_Pancreas_10_52_1.npz,2,0,-5,both,0.004430078170274405,444.6807843835845
Pancreas,6_Pancreas_10_52_1.npz,2,10,10,point,0.0035509962517191736,444.6807843835845
Pancreas,6_Pancreas_10_52_1.npz,2,10,10,box,0.004404595956679528,442.9740398714128
Pancreas,6_Pancreas_10_52_1.npz,2,10,10,both,0.00475294583622082,443.5414298574599
Pancreas,6_Pancreas_10_52_1.npz,2,-10,-10,point,0.003961068356720257,443.5414298574599
Pancreas,6_Pancreas_10_52_1.npz,2,-10,-10,box,0.0047088151790038975,444.6807843835845
Pancreas,6_Pancreas_10_52_1.npz,2,-10,-10,both,0.004247309233070411,441.4034435751493
Pancreas,6_Pancreas_12_41_1.npz,2,0,0,point,0.0056665170556548985,441.1915683691156
Pancreas,6_Pancreas_12_41_1.npz,2,0,0,box,0.0059644410043932,442.7572698443245
Pancreas,6_Pancreas_12_41_1.npz,2,0,0,both,0.005850193625877226,442.7572698443245
Pancreas,6_Pancreas_12_41_1.npz,2,5,0,point,0.005922891083376279,442.7572698443245
Pancreas,6_Pancreas_12_41_1.npz,2,5,0,box,0.005796687763828569,442.7572698443245
Pancreas,6_Pancreas_12_41_1.npz,2,5,0,both,0.006049194776058399,441.5178365592946
Pancreas,6_Pancreas_12_41_1.npz,2,-5,0,point,0.005882377621790564,442.7572698443245
Pancreas,6_Pancreas_12_41_1.npz,2,-5,0,box,0.0034738670456312378,439.6293893724577
Pancreas,6_Pancreas_12_41_1.npz,2,-5,0,both,0.00588227772023338,442.7572698443245
Pancreas,6_Pancreas_12_41_1.npz,2,0,5,point,0.005747348119575145,439.94772416731513
Pancreas,6_Pancreas_12_41_1.npz,2,0,5,box,0.005686396390173621,441.1915683691156
Pancreas,6_Pancreas_12_41_1.npz,2,0,5,both,0.005762238670302091,442.7572698443245
Pancreas,6_Pancreas_12_41_1.npz,2,0,-5,point,0.005905474964903795,442.7572698443245
Pancreas,6_Pancreas_12_41_1.npz,2,0,-5,box,0.00586790330356501,441.5178365592946
Pancreas,6_Pancreas_12_41_1.npz,2,0,-5,both,0.005957643763758896,442.7572698443245
Pancreas,6_Pancreas_12_41_1.npz,2,10,10,point,0.005819893244561451,442.7572698443245
Pancreas,6_Pancreas_12_41_1.npz,2,10,10,box,0.006059624417618066,441.5178365592946
Pancreas,6_Pancreas_12_41_1.npz,2,10,10,both,0.005806882345938763,442.7572698443245
Pancreas,6_Pancreas_12_41_1.npz,2,-10,-10,point,0.0058888233084719984,440.9002154683075
Pancreas,6_Pancreas_12_41_1.npz,2,-10,-10,box,0.00579938686267665,440.732345080322
Pancreas,6_Pancreas_12_41_1.npz,2,-10,-10,both,0.005933028225889646,441.5178365592946
Pancreas,6_Pancreas_13_37_0.npz,2,0,0,point,0.007072256866476115,386.079007458318
Pancreas,6_Pancreas_13_37_0.npz,2,0,0,box,0.0068430698119503796,386.079007458318
Pancreas,6_Pancreas_13_37_0.npz,2,0,0,both,0.006800498541885166,382.7819222481647
Pancreas,6_Pancreas_13_37_0.npz,2,5,0,point,0.006702525528427249,385.41665765765754
Pancreas,6_Pancreas_13_37_0.npz,2,5,0,box,0.0069875419482365655,383.43839140075687
Pancreas,6_Pancreas_13_37_0.npz,2,5,0,both,0.006820391721071897,386.079007458318
Pancreas,6_Pancreas_13_37_0.npz,2,-5,0,point,0.006863659086916236,386.079007458318
Pancreas,6_Pancreas_13_37_0.npz,2,-5,0,box,0.0069552734900687856,386.079007458318
Pancreas,6_Pancreas_13_37_0.npz,2,-5,0,both,0.006927180557889867,386.079007458318
Pancreas,6_Pancreas_13_37_0.npz,2,0,5,point,0.006858978035212086,383.9192623456135
Pancreas,6_Pancreas_13_37_0.npz,2,0,5,box,0.006911971296851563,386.079007458318
Pancreas,6_Pancreas_13_37_0.npz,2,0,5,both,0.006953122496714577,381.6084380618437
Pancreas,6_Pancreas_13_37_0.npz,2,0,-5,point,0.007296462497813708,384.5841910427416
Pancreas,6_Pancreas_13_37_0.npz,2,0,-5,box,0.006956683053519759,386.079007458318
Pancreas,6_Pancreas_13_37_0.npz,2,0,-5,both,0.007044994550832601,384.5841910427416
Pancreas,6_Pancreas_13_37_0.npz,2,10,10,point,0.007297094854178328,384.75576668842797
Pancreas,6_Pancreas_13_37_0.npz,2,10,10,box,0.007028576713215291,384.75576668842797
Pancreas,6_Pancreas_13_37_0.npz,2,10,10,both,0.007129491213580831,384.5841910427416
Pancreas,6_Pancreas_13_37_0.npz,2,-10,-10,point,0.006952420796409426,386.079007458318
Pancreas,6_Pancreas_13_37_0.npz,2,-10,-10,box,0.005178993276392341,380.34852438257207
Pancreas,6_Pancreas_13_37_0.npz,2,-10,-10,both,0.007169840413229051,386.079007458318
Pancreas,6_Pancreas_13_38_0.npz,2,0,0,point,0.006946763743234605,381.09578848368295
Pancreas,6_Pancreas_13_38_0.npz,2,0,0,box,0.007907903531072069,381.09578848368295
Pancreas,6_Pancreas_13_38_0.npz,2,0,0,both,0.008066061322628056,379.11080174534726
Pancreas,6_Pancreas_13_38_0.npz,2,5,0,point,0.007823882801427495,379.6024235960566
Pancreas,6_Pancreas_13_38_0.npz,2,5,0,box,0.008179003330022102,381.09578848368295
Pancreas,6_Pancreas_13_38_0.npz,2,5,0,both,0.00803624959645759,381.09578848368295
Pancreas,6_Pancreas_13_38_0.npz,2,-5,0,point,0.007744387694498696,378.1137395017536
Pancreas,6_Pancreas_13_38_0.npz,2,-5,0,box,0.0073890956507545605,378.4521105767545
Pancreas,6_Pancreas_13_38_0.npz,2,-5,0,both,0.007965524215504149,381.09578848368295
Pancreas,6_Pancreas_13_38_0.npz,2,0,5,point,0.007926530438302477,379.7709836203919
Pancreas,6_Pancreas_13_38_0.npz,2,0,5,box,0.008044712335756791,381.09578848368295
Pancreas,6_Pancreas_13_38_0.npz,2,0,5,both,0.0077712227829488546,379.6024235960566
Pancreas,6_Pancreas_13_38_0.npz,2,0,-5,point,0.008193525708624408,378.85749299703707
Pancreas,6_Pancreas_13_38_0.npz,2,0,-5,box,0.0066348745593959825,372.6258176777342
Pancreas,6_Pancreas_13_38_0.npz,2,0,-5,both,0.007982799492805117,381.09578848368295
Pancreas,6_Pancreas_13_38_0.npz,2,10,10,point,0.007766901052436288,381.09578848368295
Pancreas,6_Pancreas_13_38_0.npz,2,10,10,box,0.007957720286131254,381.09578848368295
Pancreas,6_Pancreas_13_38_0.npz,2,10,10,both,0.007954991495485718,381.09578848368295
Pancreas,6_Pancreas_13_38_0.npz,2,-10,-10,point,0.007483629560334576,378.4521105767545
Pancreas,6_Pancreas_13_38_0.npz,2,-10,-10,box,0.007907310445891724,376.7784494898826
Pancreas,6_Pancreas_13_38_0.npz,2,-10,-10,both,0.007660729315170707,376.62979170532964
Pancreas,6_Pancreas_13_75_0.npz,2,0,0,point,0.03653631535978172,372.6043478007201
Pancreas,6_Pancreas_13_75_0.npz,2,0,0,box,0.03616788390043046,372.6043478007201
Pancreas,6_Pancreas_13_75_0.npz,2,0,0,both,0.036286953407868326,372.6043478007201
Pancreas,6_Pancreas_13_75_0.npz,2,5,0,point,0.03534295557959567,371.4000538502923
Pancreas,6_Pancreas_13_75_0.npz,2,5,0,box,0.0,300.8870219866586
Pancreas,6_Pancreas_13_75_0.npz,2,5,0,both,0.032828003393450475,370.20264720825537
Pancreas,6_Pancreas_13_75_0.npz,2,-5,0,point,0.036523650453720496,372.6043478007201
Pancreas,6_Pancreas_13_75_0.npz,2,-5,0,box,0.03654671731361262,372.6043478007201
Pancreas,6_Pancreas_13_75_0.npz,2,-5,0,both,0.03395579479048907,370.80048543657546
Pancreas,6_Pancreas_13_75_0.npz,2,0,5,point,0.03422390603213467,372.0013440835933
Pancreas,6_Pancreas_13_75_0.npz,2,0,5,box,0.03345201298954704,371.01212918178294
Pancreas,6_Pancreas_13_75_0.npz,2,0,5,both,0.03586648937983458,372.6043478007201
Pancreas,6_Pancreas_13_75_0.npz,2,0,-5,point,0.03550486980719318,372.6043478007201
Pancreas,6_Pancreas_13_75_0.npz,2,0,-5,box,0.03626962096833401,371.01212918178294
Pancreas,6_Pancreas_13_75_0.npz,2,0,-5,both,0.03617437598704615,372.6043478007201
Pancreas,6_Pancreas_13_75_0.npz,2,10,10,point,0.03399511406254792,369.0121949204389
Pancreas,6_Pancreas_13_75_0.npz,2,10,10,box,0.03647340055973887,372.6043478007201
Pancreas,6_Pancreas_13_75_0.npz,2,10,10,both,0.03409403354412532,370.20264720825537
Pancreas,6_Pancreas_13_75_0.npz,2,-10,-10,point,0.035712430972697586,371.4000538502923
Pancreas,6_Pancreas_13_75_0.npz,2,-10,-10,box,0.03566744635686134,372.6043478007201
Pancreas,6_Pancreas_13_75_0.npz,2,-10,-10,both,0.036187357123168,371.4000538502923
Pancreas,6_Pancreas_15_47_0.npz,2,0,0,point,0.009683078002570534,399.2993864257745
Pancreas,6_Pancreas_15_47_0.npz,2,0,0,box,0.009983402438038256,403.01985062773275
Pancreas,6_Pancreas_15_47_0.npz,2,0,0,both,0.010333773335846853,403.01985062773275
Pancreas,6_Pancreas_15_47_0.npz,2,5,0,point,0.00999308274514214,401.69266859130005
Pancreas,6_Pancreas_15_47_0.npz,2,5,0,box,0.0,nan
Pancreas,6_Pancreas_15_47_0.npz,2,5,0,both,0.010058753967177703,403.01985062773275
Pancreas,6_Pancreas_15_47_0.npz,2,-5,0,point,0.009337511474059233,403.01985062773275
Pancreas,6_Pancreas_15_47_0.npz,2,-5,0,box,0.009999129429029188,403.01985062773275
Pancreas,6_Pancreas_15_47_0.npz,2,-5,0,both,0.009971219723403077,401.69266859130005
Pancreas,6_Pancreas_15_47_0.npz,2,0,5,point,0.010065396317789865,403.01985062773275
Pancreas,6_Pancreas_15_47_0.npz,2,0,5,box,0.010037580017418975,403.01985062773275
Pancreas,6_Pancreas_15_47_0.npz,2,0,5,both,0.010037031790678915,403.01985062773275
Pancreas,6_Pancreas_15_47_0.npz,2,0,-5,point,0.01001030472545162,401.69266859130005
Pancreas,6_Pancreas_15_47_0.npz,2,0,-5,box,0.010087895459512507,403.01985062773275
Pancreas,6_Pancreas_15_47_0.npz,2,0,-5,both,0.01004884856943405,403.01985062773275
Pancreas,6_Pancreas_15_47_0.npz,2,10,10,point,0.010139203988459643,403.01985062773275
Pancreas,6_Pancreas_15_47_0.npz,2,10,10,box,0.009968742079917495,401.69266859130005
Pancreas,6_Pancreas_15_47_0.npz,2,10,10,both,0.010133869600360772,403.01985062773275
Pancreas,6_Pancreas_15_47_0.npz,2,-10,-10,point,0.009852566927789793,401.03117085832616
Pancreas,6_Pancreas_15_47_0.npz,2,-10,-10,box,0.009919866761140863,402.27353877678803
Pancreas,6_Pancreas_15_47_0.npz,2,-10,-10,both,0.010060242343724485,403.01985062773275
Pancreas,6_Pancreas_17_23_0.npz,2,0,0,point,0.04476073539013519,351.5480052567501
Pancreas,6_Pancreas_17_23_0.npz,2,0,0,box,0.044224250325942356,351.5480052567501
Pancreas,6_Pancreas_17_23_0.npz,2,0,0,both,0.044567700747756275,351.5480052567501
Pancreas,6_Pancreas_17_23_0.npz,2,5,0,point,0.04467909455377534,349.9857139941572
Pancreas,6_Pancreas_17_23_0.npz,2,5,0,box,0.04493257307506794,349.6870029040256
Pancreas,6_Pancreas_17_23_0.npz,2,5,0,both,0.04413532804723666,349.9857139941572
Pancreas,6_Pancreas_17_23_0.npz,2,-5,0,point,0.04422004961330546,349.07019351414124
Pancreas,6_Pancreas_17_23_0.npz,2,-5,0,box,0.04469404049556178,351.5480052567501
Pancreas,6_Pancreas_17_23_0.npz,2,-5,0,both,0.03660326884806166,349.07019351414124
Pancreas,6_Pancreas_17_23_0.npz,2,0,5,point,0.043752976211625966,351.5480052567501
Pancreas,6_Pancreas_17_23_0.npz,2,0,5,box,0.04388646932174131,350.3055808861743
Pancreas,6_Pancreas_17_23_0.npz,2,0,5,both,0.044533003637059344,350.76630396889607
Pancreas,6_Pancreas_17_23_0.npz,2,0,-5,point,0.044579344866951094,349.9857139941572
Pancreas,6_Pancreas_17_23_0.npz,2,0,-5,box,0.04464244706746702,351.5480052567501
Pancreas,6_Pancreas_17_23_0.npz,2,0,-5,both,0.0439588314002496,350.3055808861743
Pancreas,6_Pancreas_17_23_0.npz,2,10,10,point,0.044603482360095204,350.9259181080816
Pancreas,6_Pancreas_17_23_0.npz,2,10,10,box,0.04358201040665135,351.5480052567501
Pancreas,6_Pancreas_17_23_0.npz,2,10,10,both,0.04426126025769324,351.5480052567501
Pancreas,6_Pancreas_17_23_0.npz,2,-10,-10,point,0.044666463396804565,351.5480052567501
Pancreas,6_Pancreas_17_23_0.npz,2,-10,-10,box,0.0375530329090593,351.5480052567501
Pancreas,6_Pancreas_17_23_0.npz,2,-10,-10,both,0.04167930885804416,349.6870029040256
Pancreas,6_Pancreas_18_51_0.npz,2,0,0,point,0.015639895138224554,364.07142156450567
Pancreas,6_Pancreas_18_51_0.npz,2,0,0,box,0.015161459700707189,361.6241142401872
Pancreas,6_Pancreas_18_51_0.npz,2,0,0,both,0.015744959203110462,365.5680511204446
Pancreas,6_Pancreas_18_51_0.npz,2,5,0,point,0.015493165321836384,365.5680511204446
Pancreas,6_Pancreas_18_51_0.npz,2,5,0,box,0.014480662654190084,362.0842443410097
Pancreas,6_Pancreas_18_51_0.npz,2,5,0,both,0.014998636487589116,364.81913327017264
Pancreas,6_Pancreas_18_51_0.npz,2,-5,0,point,0.015614105817344575,365.5680511204446
Pancreas,6_Pancreas_18_51_0.npz,2,-5,0,box,0.01589992345872566,364.90683742566404
Pancreas,6_Pancreas_18_51_0.npz,2,-5,0,both,0.01555167645258464,365.5680511204446
Pancreas,6_Pancreas_18_51_0.npz,2,0,5,point,0.015041910667121645,364.07142156450567
Pancreas,6_Pancreas_18_51_0.npz,2,0,5,box,0.015453928486740248,365.5680511204446
Pancreas,6_Pancreas_18_51_0.npz,2,0,5,both,0.015623316452967493,365.5680511204446
Pancreas,6_Pancreas_18_51_0.npz,2,0,-5,point,0.015811464814980625,365.5680511204446
Pancreas,6_Pancreas_18_51_0.npz,2,0,-5,box,0.0153353326063241,365.5680511204446
Pancreas,6_Pancreas_18_51_0.npz,2,0,-5,both,0.014133643438583891,364.07142156450567
Pancreas,6_Pancreas_18_51_0.npz,2,10,10,point,0.015118934137310169,363.3249234500711
Pancreas,6_Pancreas_18_51_0.npz,2,10,10,box,0.01550936617911134,362.93250061133955
Pancreas,6_Pancreas_18_51_0.npz,2,10,10,both,0.015258392115661707,363.5890537406207
Pancreas,6_Pancreas_18_51_0.npz,2,-10,-10,point,0.015638991537285672,362.6596200295809
Pancreas,6_Pancreas_18_51_0.npz,2,-10,-10,box,0.015377636652300367,365.5680511204446
Pancreas,6_Pancreas_18_51_0.npz,2,-10,-10,both,0.01538530805991938,365.5680511204446
Pancreas,6_Pancreas_18_55_0.npz,2,0,0,point,0.017514917318628472,390.6328199217265
Pancreas,6_Pancreas_18_55_0.npz,2,0,0,box,0.017520341677835883,390.6328199217265
Pancreas,6_Pancreas_18_55_0.npz,2,0,0,both,0.01780363682483173,390.6328199217265
Pancreas,6_Pancreas_18_55_0.npz,2,5,0,point,0.017682258095547913,387.806652856807
Pancreas,6_Pancreas_18_55_0.npz,2,5,0,box,0.018022936026433997,390.6328199217265
Pancreas,6_Pancreas_18_55_0.npz,2,5,0,both,0.017869883628430342,390.6328199217265
Pancreas,6_Pancreas_18_55_0.npz,2,-5,0,point,0.017565998687595584,389.27882038456704
Pancreas,6_Pancreas_18_55_0.npz,2,-5,0,box,0.01711406205431859,389.27882038456704
Pancreas,6_Pancreas_18_55_0.npz,2,-5,0,both,0.017523870291454833,390.6328199217265
Pancreas,6_Pancreas_18_55_0.npz,2,0,5,point,0.017892801607516565,390.6328199217265
Pancreas,6_Pancreas_18_55_0.npz,2,0,5,box,0.017707694438397235,390.6328199217265
Pancreas,6_Pancreas_18_55_0.npz,2,0,5,both,0.017323973955376628,386.58763560155415
Pancreas,6_Pancreas_18_55_0.npz,2,0,-5,point,0.017014587234432114,390.6328199217265
Pancreas,6_Pancreas_18_55_0.npz,2,0,-5,box,0.01783102664738543,390.6328199217265
Pancreas,6_Pancreas_18_55_0.npz,2,0,-5,both,0.017775756985264332,390.6328199217265
Pancreas,6_Pancreas_18_55_0.npz,2,10,10,point,0.01779926385760426,390.6328199217265
Pancreas,6_Pancreas_18_55_0.npz,2,10,10,box,0.0,389.16577444580093
Pancreas,6_Pancreas_18_55_0.npz,2,10,10,both,0.017421530694583454,389.95512562344913
Pancreas,6_Pancreas_18_55_0.npz,2,-10,-10,point,0.017390615405944363,390.6328199217265
Pancreas,6_Pancreas_18_55_0.npz,2,-10,-10,box,0.017984699095854928,389.95512562344913
Pancreas,6_Pancreas_18_55_0.npz,2,-10,-10,both,0.017772278311906343,390.6328199217265
Pancreas,6_Pancreas_18_56_0.npz,2,0,0,point,0.01699898335821355,393.96573455060786
Pancreas,6_Pancreas_18_56_0.npz,2,0,0,box,0.0,289.2766841624122
Pancreas,6_Pancreas_18_56_0.npz,2,0,0,both,0.017663850859305698,392.587569849072
Pancreas,6_Pancreas_18_56_0.npz,2,5,0,point,0.017388420116290465,393.2429274634192
Pancreas,6_Pancreas_18_56_0.npz,2,5,0,box,0.016713487299286352,393.96573455060786
Pancreas,6_Pancreas_18_56_0.npz,2,5,0,both,0.01731402301498015,392.587569849072
Pancreas,6_Pancreas_18_56_0.npz,2,-5,0,point,0.017409440175630217,393.96573455060786
Pancreas,6_Pancreas_18_56_0.npz,2,-5,0,box,0.017455713249766157,393.96573455060786
Pancreas,6_Pancreas_18_56_0.npz,2,-5,0,both,0.017591952935584868,393.96573455060786
Pancreas,6_Pancreas_18_56_0.npz,2,0,5,point,0.017291066282419686,391.8009698813927
Pancreas,6_Pancreas_18_56_0.npz,2,0,5,box,0.014183429935210238,388.25378298221386
Pancreas,6_Pancreas_18_56_0.npz,2,0,5,both,0.017534588536082422,392.587569849072
Pancreas,6_Pancreas_18_56_0.npz,2,0,-5,point,0.01692451794192421,393.96573455060786
Pancreas,6_Pancreas_18_56_0.npz,2,0,-5,box,0.01712169791970106,393.96573455060786
Pancreas,6_Pancreas_18_56_0.npz,2,0,-5,both,0.01764104723431988,393.2429274634192
Pancreas,6_Pancreas_18_56_0.npz,2,10,10,point,0.0167873339167727,393.96573455060786
Pancreas,6_Pancreas_18_56_0.npz,2,10,10,box,0.01753941878220112,393.96573455060786
Pancreas,6_Pancreas_18_56_0.npz,2,10,10,both,0.017491877842752763,391.9004975755964
Pancreas,6_Pancreas_18_56_0.npz,2,-10,-10,point,0.016997452058465704,392.5213369996592
Pancreas,6_Pancreas_18_56_0.npz,2,-10,-10,box,0.017270663682396204,393.2429274634192
Pancreas,6_Pancreas_18_56_0.npz,2,-10,-10,both,0.017586725749229194,393.96573455060786
Pancreas,6_Pancreas_18_57_0.npz,2,0,0,point,0.01664570600062348,394.4946133979525
Pancreas,6_Pancreas_18_57_0.npz,2,0,0,box,0.015621829985794375,393.2047812527208
Pancreas,6_Pancreas_18_57_0.npz,2,0,0,both,0.016883108112669968,393.2047812527208
Pancreas,6_Pancreas_18_57_0.npz,2,5,0,point,0.016740080997788828,393.7321424522006
Pancreas,6_Pancreas_18_57_0.npz,2,5,0,box,0.014953472110152787,390.6430595825299
Pancreas,6_Pancreas_18_57_0.npz,2,5,0,both,0.016822826716851123,394.4946133979525
Pancreas,6_Pancreas_18_57_0.npz,2,-5,0,point,0.016805764871264495,394.4946133979525
Pancreas,6_Pancreas_18_57_0.npz,2,-5,0,box,0.01662183549918618,394.4946133979525
Pancreas,6_Pancreas_18_57_0.npz,2,-5,0,both,0.0167618778945369,393.8489558193598
Pancreas,6_Pancreas_18_57_0.npz,2,0,5,point,0.016437230326687355,389.9358921669048
Pancreas,6_Pancreas_18_57_0.npz,2,0,5,box,0.01650911995739477,394.4946133979525
Pancreas,6_Pancreas_18_57_0.npz,2,0,5,both,0.016835646675894194,394.4946133979525
Pancreas,6_Pancreas_18_57_0.npz,2,0,-5,point,0.015609616382934035,392.9707368240032
Pancreas,6_Pancreas_18_57_0.npz,2,0,-5,box,0.016856858143944397,393.7321424522006
Pancreas,6_Pancreas_18_57_0.npz,2,0,-5,both,0.016532873802474257,391.6758864163072
Pancreas,6_Pancreas_18_57_0.npz,2,10,10,point,0.016625532990282955,392.9707368240032
Pancreas,6_Pancreas_18_57_0.npz,2,10,10,box,0.01631995822090518,392.9707368240032
Pancreas,6_Pancreas_18_57_0.npz,2,10,10,both,0.016781229212440445,394.4946133979525
Pancreas,6_Pancreas_18_57_0.npz,2,-10,-10,point,0.016797607734063576,393.2047812527208
Pancreas,6_Pancreas_18_57_0.npz,2,-10,-10,box,0.016974774970604543,394.4946133979525
Pancreas,6_Pancreas_18_57_0.npz,2,-10,-10,both,0.016706928027438166,394.4946133979525
Pancreas,6_Pancreas_18_58_0.npz,2,0,0,point,0.015833421788202257,393.7321424522006
Pancreas,6_Pancreas_18_58_0.npz,2,0,0,box,0.015519327970383294,393.7321424522006
Pancreas,6_Pancreas_18_58_0.npz,2,0,0,both,0.015489926011031519,393.0852324878156
Pancreas,6_Pancreas_18_58_0.npz,2,5,0,point,0.015666910509630205,393.0852324878156
Pancreas,6_Pancreas_18_58_0.npz,2,5,0,box,0.015842031123947557,393.7321424522006
Pancreas,6_Pancreas_18_58_0.npz,2,5,0,both,0.01588760076375073,393.7321424522006
Pancreas,6_Pancreas_18_58_0.npz,2,-5,0,point,0.015541218637991346,389.39054944875073
Pancreas,6_Pancreas_18_58_0.npz,2,-5,0,box,0.015970715575986772,393.7321424522006
Pancreas,6_Pancreas_18_58_0.npz,2,-5,0,both,0.015948166057033874,393.7321424522006
Pancreas,6_Pancreas_18_58_0.npz,2,0,5,point,0.01579540754757512,393.7321424522006
Pancreas,6_Pancreas_18_58_0.npz,2,0,5,box,0.015843433593003085,393.7321424522006
Pancreas,6_Pancreas_18_58_0.npz,2,0,5,both,0.015702998988489803,393.7321424522006
Pancreas,6_Pancreas_18_58_0.npz,2,0,-5,point,0.014784151389704766,390.9130338067535
Pancreas,6_Pancreas_18_58_0.npz,2,0,-5,box,0.015543594024349395,392.43980430124566
Pancreas,6_Pancreas_18_58_0.npz,2,0,-5,both,0.015783519283301684,393.7321424522006
Pancreas,6_Pancreas_18_58_0.npz,2,10,10,point,0.0158818255560751,391.7958652155482
Pancreas,6_Pancreas_18_58_0.npz,2,10,10,box,0.015279064724088158,393.7321424522006
Pancreas,6_Pancreas_18_58_0.npz,2,10,10,both,0.015377943089848103,393.7321424522006
Pancreas,6_Pancreas_18_58_0.npz,2,-10,-10,point,0.016243083302438777,393.7321424522006
Pancreas,6_Pancreas_18_58_0.npz,2,-10,-10,box,0.016485384092450612,390.1512527213004
Pancreas,6_Pancreas_18_58_0.npz,2,-10,-10,both,0.015835516235850756,392.21040271772495
Pancreas,6_Pancreas_20_43_0.npz,2,0,0,point,0.0313863267277323,387.1911672546263
Pancreas,6_Pancreas_20_43_0.npz,2,0,0,box,0.03165992746109154,386.4531019412317
Pancreas,6_Pancreas_20_43_0.npz,2,0,0,both,0.03161231415921444,385.84582413186746
Pancreas,6_Pancreas_20_43_0.npz,2,5,0,point,0.031244916770588348,385.1752847730498
Pancreas,6_Pancreas_20_43_0.npz,2,5,0,box,0.031178456197886173,387.1911672546263
Pancreas,6_Pancreas_20_43_0.npz,2,5,0,both,0.03159565376632735,385.84582413186746
Pancreas,6_Pancreas_20_43_0.npz,2,-5,0,point,0.031206030895005017,387.1911672546263
Pancreas,6_Pancreas_20_43_0.npz,2,-5,0,box,0.031719085512187356,387.1911672546263
Pancreas,6_Pancreas_20_43_0.npz,2,-5,0,both,0.031586256434812325,387.1911672546263
Pancreas,6_Pancreas_20_43_0.npz,2,0,5,point,0.03153866291028113,387.1911672546263
Pancreas,6_Pancreas_20_43_0.npz,2,0,5,box,0.031776466589388444,387.1911672546263
Pancreas,6_Pancreas_20_43_0.npz,2,0,5,both,0.031491160684248315,385.7162169263823
Pancreas,6_Pancreas_20_43_0.npz,2,0,-5,point,0.03052795858550867,385.7162169263823
Pancreas,6_Pancreas_20_43_0.npz,2,0,-5,box,0.031348643346387484,386.51778743028115
Pancreas,6_Pancreas_20_43_0.npz,2,0,-5,both,0.030284849004309836,384.365711269879
Pancreas,6_Pancreas_20_43_0.npz,2,10,10,point,0.03178060233301542,387.1911672546263
Pancreas,6_Pancreas_20_43_0.npz,2,10,10,box,0.031732947042392025,387.1911672546263
Pancreas,6_Pancreas_20_43_0.npz,2,10,10,both,0.03007464045148097,385.84582413186746
Pancreas,6_Pancreas_20_43_0.npz,2,-10,-10,point,0.03155596334537162,386.4531019412317
Pancreas,6_Pancreas_20_43_0.npz,2,-10,-10,box,0.03112840466925817,387.1911672546263
Pancreas,6_Pancreas_20_43_0.npz,2,-10,-10,both,0.03176209947743791,387.1911672546263
Pancreas,6_Pancreas_20_52_0.npz,2,0,0,point,0.012752642706128922,384.66868861398115
Pancreas,6_Pancreas_20_52_0.npz,2,0,0,box,0.013002600520103255,387.4970967633177
Pancreas,6_Pancreas_20_52_0.npz,2,0,0,both,0.012673802031726678,387.4970967633177
Pancreas,6_Pancreas_20_52_0.npz,2,5,0,point,0.012710308769351862,385.3894134508627
Pancreas,6_Pancreas_20_52_0.npz,2,5,0,box,0.012699945675135788,383.2518754031088
Pancreas,6_Pancreas_20_52_0.npz,2,5,0,both,0.012787530266341407,387.4970967633177
Pancreas,6_Pancreas_20_52_0.npz,2,-5,0,point,0.013611765191885238,384.66868861398115
Pancreas,6_Pancreas_20_52_0.npz,2,-5,0,box,0.013021722297617415,387.4970967633177
Pancreas,6_Pancreas_20_52_0.npz,2,-5,0,both,0.013059584353612775,386.79322641432077
Pancreas,6_Pancreas_20_52_0.npz,2,0,5,point,0.013142093437668844,387.4970967633177
Pancreas,6_Pancreas_20_52_0.npz,2,0,5,box,0.012870872083092979,384.66608896548183
Pancreas,6_Pancreas_20_52_0.npz,2,0,5,both,0.013068384267506478,387.4970967633177
Pancreas,6_Pancreas_20_52_0.npz,2,0,-5,point,0.013200461086527273,386.08030252785494
Pancreas,6_Pancreas_20_52_0.npz,2,0,-5,box,0.01298421948023886,387.4970967633177
Pancreas,6_Pancreas_20_52_0.npz,2,0,-5,both,0.01302499819897608,387.4970967633177
Pancreas,6_Pancreas_20_52_0.npz,2,10,10,point,0.01317649124347043,387.4970967633177
Pancreas,6_Pancreas_20_52_0.npz,2,10,10,box,0.013105181705428322,386.08030252785494
Pancreas,6_Pancreas_20_52_0.npz,2,10,10,both,0.01304634887098835,387.4970967633177
Pancreas,6_Pancreas_20_52_0.npz,2,-10,-10,point,0.0130102990982864,386.79322641432077
Pancreas,6_Pancreas_20_52_0.npz,2,-10,-10,box,0.013131673344380729,387.4970967633177
Pancreas,6_Pancreas_20_52_0.npz,2,-10,-10,both,0.012915129151288979,387.4970967633177
Pancreas,6_Pancreas_21_23_0.npz,2,0,0,point,0.020308696708024626,359.5385931996731
Pancreas,6_Pancreas_21_23_0.npz,2,0,0,box,0.019175082986083204,359.5385931996731
Pancreas,6_Pancreas_21_23_0.npz,2,0,0,both,0.018731348022090692,355.6866598566778
Pancreas,6_Pancreas_21_23_0.npz,2,5,0,point,0.02061154967407954,359.5385931996731
Pancreas,6_Pancreas_21_23_0.npz,2,5,0,box,0.02016151964965874,358.27363843855437
Pancreas,6_Pancreas_21_23_0.npz,2,5,0,both,0.020275033405930985,358.27363843855437
Pancreas,6_Pancreas_21_23_0.npz,2,-5,0,point,0.020056338028163367,356.4547657136877
Pancreas,6_Pancreas_21_23_0.npz,2,-5,0,box,0.018050082623611907,359.5385931996731
Pancreas,6_Pancreas_21_23_0.npz,2,-5,0,both,0.02019165958444155,359.5385931996731
Pancreas,6_Pancreas_21_23_0.npz,2,0,5,point,0.016039695361172373,357.99441336423115
Pancreas,6_Pancreas_21_23_0.npz,2,0,5,box,0.020707784639037188,356.4547657136877
Pancreas,6_Pancreas_21_23_0.npz,2,0,5,both,0.0181519578182997,355.4602650086223
Pancreas,6_Pancreas_21_23_0.npz,2,0,-5,point,0.01865977431758852,355.7639666970223
Pancreas,6_Pancreas_21_23_0.npz,2,0,-5,box,0.02041991727315299,358.27363843855437
Pancreas,6_Pancreas_21_23_0.npz,2,0,-5,both,0.020500214377589223,359.5385931996731
Pancreas,6_Pancreas_21_23_0.npz,2,10,10,point,0.020019925043879373,358.27363843855437
Pancreas,6_Pancreas_21_23_0.npz,2,10,10,box,0.01996398829619402,357.64367742209566
Pancreas,6_Pancreas_21_23_0.npz,2,10,10,both,0.020671410700734798,357.99441336423115
Pancreas,6_Pancreas_21_23_0.npz,2,-10,-10,point,0.01905163329820061,355.4602650086223
Pancreas,6_Pancreas_21_23_0.npz,2,-10,-10,box,0.020376728813014344,359.5385931996731
Pancreas,6_Pancreas_21_23_0.npz,2,-10,-10,both,0.020748494407798912,359.5385931996731
